Time,SpeciesName,ClimateRegion,NumberAttempts,AvgTempMult,AvgMinJanTempMult,AvgSoilMoistureMult,AvgProbEst,DryDays,BeginGDD,EndGDD,
5, AcerPens, eco1, 3700, 0.44, 1, 0.28, 0.17, 37.71, 51.23, 292.31, 
5, AcerPens, eco2, 7253, 0, 1, 0.25, 0, 59.88, 5.87, 295.4, 
5, AcerPens, eco3, 9367, 0, 1, 0.21, 0, 88.25, 5.25, 294.35, 
5, AcerPens, eco4, 8513, 0, 1, 0.28, 0, 66.39, 5.91, 294.4, 
5, AcerPens, eco5, 11117, 0, 1, 0.28, 0, 85.39, 1.69, 306.6, 
5, AcerPens, eco6, 3444, 0, 1, 0.07, 0, 109.98, 4.8, 292.36, 
5, AcerPens, eco8, 9428, 0.4, 1, 0.18, 0.09, 56.22, 53.23, 290.34, 
5, AcerPens, eco9, 4920, 0.58, 1, 0.34, 0.25, 44.69, 52.04, 291.52, 
5, AcerPens, eco10, 9560, 0, 1, 0.34, 0, 80.31, 3.92, 301.37, 
5, AcerPens, eco11, 7531, 0.18, 1, 0.14, 0.03, 69.62, 53.77, 287.41, 
5, AmelArbo, eco1, 3636, 0.76, 1, 0.66, 0.58, 36.69, 51.12, 292.35, 
5, AmelArbo, eco2, 7458, 0.96, 1, 0.6, 0.6, 58.83, 5.87, 295.35, 
5, AmelArbo, eco3, 9279, 0.97, 1, 0.46, 0.46, 87.32, 5.23, 294.4, 
5, AmelArbo, eco4, 8562, 0.97, 1, 0.58, 0.58, 65.71, 5.72, 294.4, 
5, AmelArbo, eco5, 11157, 0.99, 1, 0.49, 0.49, 84.34, 1.52, 306.66, 
5, AmelArbo, eco6, 3488, 0.94, 1, 0.32, 0.32, 111.15, 5.12, 292.41, 
5, AmelArbo, eco8, 9397, 0.77, 1, 0.55, 0.49, 55.51, 53.19, 290.33, 
5, AmelArbo, eco9, 4736, 0.72, 1, 0.64, 0.53, 43.66, 52.12, 291.5, 
5, AmelArbo, eco10, 9619, 1, 1, 0.53, 0.53, 80.49, 3.95, 301.39, 
5, AmelArbo, eco11, 7745, 0.81, 1, 0.46, 0.43, 70, 53.91, 287.41, 
5, AescBuck, eco1, 1470, 0.95, 0.89, 0.51, 0.47, 38, 53.14, 292.89, 
5, AescBuck, eco2, 2804, 0.74, 1, 0.5, 0.43, 58.01, 7.88, 295.71, 
5, AescBuck, eco3, 4490, 0.68, 1, 0.32, 0.26, 89.3, 6.99, 294.78, 
5, AescBuck, eco4, 3479, 0.67, 1, 0.47, 0.38, 66.87, 8.23, 294.83, 
5, AescBuck, eco5, 5846, 0.01, 1, 0.43, 0, 82.7, 2.58, 306.96, 
5, AescBuck, eco6, 2464, 0.84, 1, 0.21, 0.2, 107.9, 4.85, 292.75, 
5, AescBuck, eco8, 4038, 0.96, 0.92, 0.39, 0.36, 54.86, 54.04, 290.59, 
5, AescBuck, eco9, 1851, 0.9, 0.91, 0.51, 0.46, 44.32, 53.7, 291.63, 
5, AescBuck, eco10, 4379, 0.04, 1, 0.45, 0.02, 81.65, 5.77, 301.8, 
5, AescBuck, eco11, 3658, 0.99, 0.93, 0.29, 0.28, 70.7, 54.71, 287.51, 
5, AcerRubr, eco1, 3676, 0.79, 1, 0.75, 0.66, 35.63, 50.79, 292.32, 
5, AcerRubr, eco2, 7546, 0.95, 1, 0.65, 0.65, 59.61, 4.63, 295.31, 
5, AcerRubr, eco3, 8232, 0.96, 1, 0.52, 0.52, 85.1, 4.16, 294.41, 
5, AcerRubr, eco4, 8095, 0.96, 1, 0.62, 0.62, 64.96, 4.63, 294.35, 
5, AcerRubr, eco5, 9026, 1, 1, 0.52, 0.52, 86.88, 1.36, 306.56, 
5, AcerRubr, eco6, 2684, 0.93, 1, 0.37, 0.37, 111.84, 4.49, 292.24, 
5, AcerRubr, eco8, 9178, 0.79, 1, 0.62, 0.57, 55.68, 52.7, 290.31, 
5, AcerRubr, eco9, 5115, 0.76, 1, 0.7, 0.59, 43.67, 51.58, 291.51, 
5, AcerRubr, eco10, 8410, 1, 1, 0.58, 0.58, 79.92, 3.31, 301.29, 
5, AcerRubr, eco11, 7039, 0.83, 1, 0.54, 0.5, 68.41, 53.6, 287.45, 
5, AcerSacc, eco1, 3699, 1, 1, 0.29, 0.29, 36.4, 50.84, 292.26, 
5, AcerSacc, eco2, 7256, 0.81, 1, 0.25, 0.24, 59.58, 4.39, 295.34, 
5, AcerSacc, eco3, 8405, 0.78, 1, 0.22, 0.2, 85.74, 3.96, 294.42, 
5, AcerSacc, eco4, 8048, 0.77, 1, 0.27, 0.25, 66.11, 4.8, 294.33, 
5, AcerSacc, eco5, 9120, 0.17, 1, 0.27, 0.05, 87.27, 1.26, 306.58, 
5, AcerSacc, eco6, 2716, 0.87, 1, 0.06, 0.06, 115.73, 5.02, 292.29, 
5, AcerSacc, eco8, 9238, 1, 1, 0.19, 0.19, 55.02, 52.78, 290.3, 
5, AcerSacc, eco9, 5046, 1, 1, 0.34, 0.34, 44.99, 51.52, 291.44, 
5, AcerSacc, eco10, 8034, 0.46, 1, 0.34, 0.18, 79.01, 3.36, 301.32, 
5, AcerSacc, eco11, 7146, 0.99, 1, 0.15, 0.15, 69.54, 53.65, 287.36, 
5, BetuAlle, eco1, 2638, 0.74, 1, 0.54, 0.47, 38.51, 52.24, 292.44, 
5, BetuAlle, eco2, 5150, 0.01, 1, 0.53, 0.01, 58.14, 7.8, 295.54, 
5, BetuAlle, eco3, 7132, 0.01, 1, 0.35, 0, 88.83, 6.19, 294.55, 
5, BetuAlle, eco4, 6039, 0, 1, 0.49, 0, 68.01, 7.26, 294.68, 
5, BetuAlle, eco5, 9515, 0, 1, 0.45, 0, 83.46, 2.02, 306.8, 
5, BetuAlle, eco6, 3485, 0.02, 1, 0.23, 0, 108.54, 4.78, 292.56, 
5, BetuAlle, eco8, 6846, 0.72, 1, 0.42, 0.36, 54.83, 53.8, 290.46, 
5, BetuAlle, eco9, 3300, 0.82, 1, 0.56, 0.51, 44.46, 52.89, 291.62, 
5, BetuAlle, eco10, 7490, 0, 1, 0.47, 0, 80.76, 4.81, 301.52, 
5, BetuAlle, eco11, 5890, 0.6, 1, 0.33, 0.25, 71.02, 54.21, 287.53, 
5, BetuNigr, eco1, 868, 0.42, 1, 0.5, 0.28, 40.41, 55.71, 293.34, 
5, BetuNigr, eco2, 1614, 0.9, 1, 0.5, 0.49, 64.09, 10.18, 296.16, 
5, BetuNigr, eco3, 3071, 0.92, 1, 0.36, 0.35, 87.76, 7.23, 294.95, 
5, BetuNigr, eco4, 2100, 0.92, 1, 0.49, 0.48, 67.66, 9.99, 295.13, 
5, BetuNigr, eco5, 4091, 0.97, 1, 0.45, 0.45, 82.42, 2.51, 307.02, 
5, BetuNigr, eco6, 2094, 0.86, 1, 0.24, 0.23, 107.81, 5.25, 292.85, 
5, BetuNigr, eco8, 2493, 0.45, 1, 0.39, 0.24, 57.73, 55.28, 290.83, 
5, BetuNigr, eco9, 1026, 0.34, 1, 0.55, 0.22, 43.4, 55.65, 292.1, 
5, BetuNigr, eco10, 2774, 1, 1, 0.46, 0.46, 82.2, 7.58, 301.89, 
5, BetuNigr, eco11, 2287, 0.55, 1, 0.31, 0.23, 72.23, 55.62, 287.55, 
5, BetuLent, eco1, 1464, 0.98, 1, 0.54, 0.54, 37.36, 53.16, 292.83, 
5, BetuLent, eco2, 2840, 0.39, 1, 0.52, 0.26, 58.32, 8.42, 295.71, 
5, BetuLent, eco3, 4581, 0.31, 1, 0.35, 0.14, 90.94, 6.73, 294.73, 
5, BetuLent, eco4, 3512, 0.31, 1, 0.49, 0.18, 68.24, 9.25, 294.78, 
5, BetuLent, eco5, 5899, 0, 1, 0.45, 0, 82.51, 2.2, 306.91, 
5, BetuLent, eco6, 2432, 0.54, 1, 0.22, 0.16, 107.64, 4.63, 292.83, 
5, BetuLent, eco8, 4033, 0.98, 1, 0.42, 0.41, 55.61, 54.26, 290.5, 
5, BetuLent, eco9, 1823, 1, 1, 0.55, 0.55, 44.39, 53.55, 291.77, 
5, BetuLent, eco10, 4411, 0, 1, 0.46, 0, 83.46, 5.74, 301.71, 
5, BetuLent, eco11, 3623, 0.93, 1, 0.32, 0.32, 70.31, 54.78, 287.51, 
5, CaryOvat, eco1, 2602, 0.78, 1, 0.52, 0.48, 39.29, 52.18, 292.39, 
5, CaryOvat, eco2, 5170, 1, 1, 0.52, 0.52, 60.1, 7.71, 295.56, 
5, CaryOvat, eco3, 7102, 1, 1, 0.36, 0.36, 87.55, 6.19, 294.5, 
5, CaryOvat, eco4, 5984, 1, 1, 0.5, 0.5, 67.71, 7.57, 294.57, 
5, CaryOvat, eco5, 9505, 0.8, 1, 0.45, 0.4, 82.61, 2.07, 306.84, 
5, CaryOvat, eco6, 3375, 0.99, 1, 0.23, 0.23, 106.44, 5.03, 292.56, 
5, CaryOvat, eco8, 6880, 0.8, 1, 0.42, 0.39, 55.15, 53.68, 290.44, 
5, CaryOvat, eco9, 3398, 0.73, 1, 0.55, 0.46, 44.26, 52.92, 291.57, 
5, CaryOvat, eco10, 7593, 0.93, 1, 0.47, 0.46, 80.65, 5.3, 301.63, 
5, CaryOvat, eco11, 5869, 0.86, 1, 0.33, 0.32, 70.3, 54.29, 287.45, 
5, CaryAlba, eco1, 2651, 0.55, 1, 0.54, 0.37, 37.35, 52.15, 292.4, 
5, CaryAlba, eco2, 5183, 0.93, 1, 0.53, 0.53, 57.86, 7.5, 295.72, 
5, CaryAlba, eco3, 7234, 0.95, 1, 0.35, 0.35, 88.71, 6.39, 294.52, 
5, CaryAlba, eco4, 6062, 0.95, 1, 0.51, 0.51, 65.87, 7.34, 294.59, 
5, CaryAlba, eco5, 9519, 0.97, 1, 0.44, 0.44, 85.21, 2.07, 306.72, 
5, CaryAlba, eco6, 3417, 0.89, 1, 0.23, 0.23, 105.68, 5.27, 292.55, 
5, CaryAlba, eco8, 7040, 0.56, 1, 0.42, 0.3, 55.88, 53.78, 290.46, 
5, CaryAlba, eco9, 3358, 0.47, 1, 0.55, 0.32, 44.39, 53.03, 291.61, 
5, CaryAlba, eco10, 7628, 1, 1, 0.47, 0.47, 81.55, 4.87, 301.59, 
5, CaryAlba, eco11, 5946, 0.65, 1, 0.33, 0.27, 69.87, 54.35, 287.45, 
5, CaryGlab, eco1, 2631, 0.52, 1, 0.53, 0.34, 39, 52.21, 292.57, 
5, CaryGlab, eco2, 5120, 0.8, 1, 0.53, 0.49, 58.2, 7.56, 295.58, 
5, CaryGlab, eco3, 7184, 0.82, 1, 0.36, 0.33, 88.58, 6.08, 294.59, 
5, CaryGlab, eco4, 6193, 0.82, 1, 0.5, 0.46, 67.47, 7.68, 294.56, 
5, CaryGlab, eco5, 9485, 0.97, 1, 0.45, 0.45, 82.45, 2.03, 306.77, 
5, CaryGlab, eco6, 3331, 0.77, 1, 0.24, 0.22, 105.54, 4.29, 292.62, 
5, CaryGlab, eco8, 6982, 0.53, 1, 0.42, 0.29, 55.62, 53.83, 290.4, 
5, CaryGlab, eco9, 3294, 0.47, 1, 0.55, 0.31, 45.5, 52.83, 291.59, 
5, CaryGlab, eco10, 7624, 0.93, 1, 0.47, 0.46, 81.33, 4.9, 301.52, 
5, CaryGlab, eco11, 5890, 0.58, 1, 0.34, 0.26, 69.41, 54.2, 287.44, 
5, CaryCodi, eco1, 845, 0.81, 1, 0.62, 0.57, 38.57, 55.48, 293.53, 
5, CaryCodi, eco2, 1588, 1, 1, 0.59, 0.59, 59.06, 10.92, 296.16, 
5, CaryCodi, eco3, 3071, 1, 1, 0.45, 0.45, 88.33, 7.84, 294.95, 
5, CaryCodi, eco4, 2029, 1, 1, 0.55, 0.55, 69.43, 10.31, 295.04, 
5, CaryCodi, eco5, 4042, 0.8, 1, 0.53, 0.46, 79.55, 2.52, 307.08, 
5, CaryCodi, eco6, 2028, 0.99, 1, 0.32, 0.32, 108.2, 4.94, 292.92, 
5, CaryCodi, eco8, 2573, 0.82, 1, 0.53, 0.5, 57.35, 55.34, 290.85, 
5, CaryCodi, eco9, 1037, 0.77, 1, 0.63, 0.55, 45.94, 55.17, 292.12, 
5, CaryCodi, eco10, 2759, 0.92, 1, 0.51, 0.49, 86.73, 7.14, 302.08, 
5, CaryCodi, eco11, 2249, 0.88, 1, 0.43, 0.41, 72.52, 55.67, 287.61, 
5, CornFlor, eco1, 3697, 0.37, 1, 0.61, 0.28, 36.57, 51.16, 292.34, 
5, CornFlor, eco2, 7384, 0.88, 1, 0.57, 0.55, 58.27, 5.44, 295.43, 
5, CornFlor, eco3, 9202, 0.9, 1, 0.42, 0.41, 86.16, 5.02, 294.43, 
5, CornFlor, eco4, 8447, 0.9, 1, 0.54, 0.53, 66.97, 5.49, 294.5, 
5, CornFlor, eco5, 11214, 0.98, 1, 0.45, 0.45, 85.49, 1.63, 306.67, 
5, CornFlor, eco6, 3498, 0.82, 1, 0.28, 0.27, 109.94, 4.82, 292.52, 
5, CornFlor, eco8, 9585, 0.4, 1, 0.49, 0.26, 55.41, 53.09, 290.3, 
5, CornFlor, eco9, 4923, 0.28, 1, 0.61, 0.21, 42.88, 52.07, 291.53, 
5, CornFlor, eco10, 9486, 1, 1, 0.5, 0.5, 80.12, 4.17, 301.36, 
5, CornFlor, eco11, 7635, 0.51, 1, 0.41, 0.27, 69.62, 53.82, 287.44, 
5, FraxPenn, eco1, 2565, 0.74, 1, 0.38, 0.34, 37.38, 52.16, 292.56, 
5, FraxPenn, eco2, 5113, 0.95, 1, 0.36, 0.36, 58.71, 7.72, 295.6, 
5, FraxPenn, eco3, 7179, 0.96, 1, 0.27, 0.27, 88.15, 6.19, 294.58, 
5, FraxPenn, eco4, 6075, 0.96, 1, 0.37, 0.37, 65.91, 7.4, 294.66, 
5, FraxPenn, eco5, 9584, 0.99, 1, 0.35, 0.35, 83.67, 2.02, 306.81, 
5, FraxPenn, eco6, 3368, 0.93, 1, 0.12, 0.12, 107.85, 5.54, 292.53, 
5, FraxPenn, eco8, 6913, 0.75, 1, 0.27, 0.24, 55.62, 53.65, 290.43, 
5, FraxPenn, eco9, 3285, 0.7, 1, 0.42, 0.36, 45.12, 53.05, 291.62, 
5, FraxPenn, eco10, 7488, 1, 1, 0.39, 0.39, 82.51, 5.31, 301.57, 
5, FraxPenn, eco11, 5945, 0.8, 1, 0.2, 0.19, 70.86, 54.15, 287.48, 
5, FraxAmer, eco1, 3717, 0.91, 1, 0.64, 0.62, 37, 51.08, 292.34, 
5, FraxAmer, eco2, 7263, 1, 1, 0.58, 0.58, 59.81, 5.61, 295.45, 
5, FraxAmer, eco3, 9166, 0.99, 1, 0.45, 0.45, 86.18, 5.24, 294.42, 
5, FraxAmer, eco4, 8397, 0.99, 1, 0.56, 0.56, 66.6, 5.93, 294.42, 
5, FraxAmer, eco5, 11153, 0.83, 1, 0.47, 0.43, 84.77, 1.74, 306.66, 
5, FraxAmer, eco6, 3566, 1, 1, 0.31, 0.31, 110.36, 4.31, 292.56, 
5, FraxAmer, eco8, 9348, 0.92, 1, 0.52, 0.51, 56.54, 53.24, 290.28, 
5, FraxAmer, eco9, 4923, 0.88, 1, 0.63, 0.6, 44.15, 52.15, 291.52, 
5, FraxAmer, eco10, 9582, 0.92, 1, 0.52, 0.5, 81.01, 4.16, 301.43, 
5, FraxAmer, eco11, 7665, 0.95, 1, 0.44, 0.44, 69.05, 53.87, 287.39, 
5, FaguGran, eco1, 3679, 0.93, 1, 0.64, 0.63, 37.47, 51.34, 292.27, 
5, FaguGran, eco2, 7370, 0.99, 1, 0.59, 0.59, 58.23, 5.78, 295.29, 
5, FaguGran, eco3, 9086, 0.99, 1, 0.45, 0.45, 86.11, 5.12, 294.41, 
5, FaguGran, eco4, 8488, 0.99, 1, 0.57, 0.57, 66.35, 5.85, 294.41, 
5, FaguGran, eco5, 11264, 0.82, 1, 0.48, 0.42, 84.9, 1.58, 306.64, 
5, FaguGran, eco6, 3488, 1, 1, 0.32, 0.32, 109.9, 4.44, 292.48, 
5, FaguGran, eco8, 9455, 0.93, 1, 0.52, 0.51, 55.99, 53.07, 290.37, 
5, FaguGran, eco9, 4842, 0.9, 1, 0.63, 0.61, 43.61, 52.13, 291.5, 
5, FaguGran, eco10, 9400, 0.91, 1, 0.51, 0.49, 82.07, 4.01, 301.36, 
5, FaguGran, eco11, 7580, 0.96, 1, 0.44, 0.44, 70.4, 53.83, 287.44, 
5, JuglNigr, eco1, 863, 0.84, 1, 0.61, 0.57, 39.33, 55.62, 293.37, 
5, JuglNigr, eco2, 1589, 0.99, 1, 0.6, 0.6, 57.52, 11.18, 296.08, 
5, JuglNigr, eco3, 3127, 0.98, 1, 0.44, 0.44, 91.56, 7.13, 294.94, 
5, JuglNigr, eco4, 2071, 0.98, 1, 0.58, 0.58, 65.32, 10.18, 295.15, 
5, JuglNigr, eco5, 3960, 0.64, 1, 0.53, 0.38, 80.54, 2.55, 307.12, 
5, JuglNigr, eco6, 1989, 1, 1, 0.32, 0.32, 108.12, 5.3, 292.86, 
5, JuglNigr, eco8, 2555, 0.86, 1, 0.54, 0.52, 55.74, 55.53, 290.82, 
5, JuglNigr, eco9, 1002, 0.8, 1, 0.64, 0.57, 42.81, 55.28, 291.88, 
5, JuglNigr, eco10, 2703, 0.83, 1, 0.53, 0.47, 83.16, 7.17, 302.19, 
5, JuglNigr, eco11, 2338, 0.91, 1, 0.43, 0.42, 71.4, 55.47, 287.6, 
5, HaleDipt, eco1, 3725, 0.55, 1, 0.65, 0.43, 37.47, 51.25, 292.38, 
5, HaleDipt, eco2, 7168, 0.82, 1, 0.6, 0.56, 58.72, 5.56, 295.45, 
5, HaleDipt, eco3, 9213, 0.84, 1, 0.46, 0.43, 86.85, 5.26, 294.36, 
5, HaleDipt, eco4, 8680, 0.84, 1, 0.58, 0.54, 65.65, 5.93, 294.42, 
5, HaleDipt, eco5, 11154, 0.98, 1, 0.49, 0.48, 85.91, 1.51, 306.67, 
5, HaleDipt, eco6, 3465, 0.79, 1, 0.33, 0.31, 110.11, 5.3, 292.41, 
5, HaleDipt, eco8, 9198, 0.56, 1, 0.55, 0.38, 55.35, 53.15, 290.33, 
5, HaleDipt, eco9, 4816, 0.51, 1, 0.63, 0.38, 44.95, 52.07, 291.55, 
5, HaleDipt, eco10, 9601, 0.94, 1, 0.53, 0.51, 81.95, 3.97, 301.43, 
5, HaleDipt, eco11, 7589, 0.61, 1, 0.46, 0.36, 69.77, 53.72, 287.48, 
5, IlexOpac, eco1, 3754, 0.55, 1, 0.65, 0.43, 37.72, 51.15, 292.38, 
5, IlexOpac, eco2, 7162, 0.82, 1, 0.6, 0.56, 58.41, 5.76, 295.36, 
5, IlexOpac, eco3, 9088, 0.84, 1, 0.45, 0.42, 88.1, 5.01, 294.44, 
5, IlexOpac, eco4, 8494, 0.84, 1, 0.58, 0.54, 66.85, 5.88, 294.39, 
5, IlexOpac, eco5, 11164, 0.98, 1, 0.49, 0.49, 85.18, 1.66, 306.64, 
5, IlexOpac, eco6, 3521, 0.79, 1, 0.33, 0.31, 110.63, 4.67, 292.48, 
5, IlexOpac, eco8, 9309, 0.56, 1, 0.55, 0.39, 54.63, 53.21, 290.3, 
5, IlexOpac, eco9, 4866, 0.51, 1, 0.64, 0.38, 44.39, 52.25, 291.46, 
5, IlexOpac, eco10, 9571, 0.94, 1, 0.54, 0.53, 79.25, 3.94, 301.44, 
5, IlexOpac, eco11, 7649, 0.61, 1, 0.45, 0.35, 71.24, 53.87, 287.43, 
5, LiriTuli, eco1, 1457, 0.41, 1, 0.62, 0.31, 39.44, 53.73, 292.96, 
5, LiriTuli, eco2, 2911, 0.82, 1, 0.59, 0.54, 60.53, 8.27, 295.75, 
5, LiriTuli, eco3, 4520, 0.84, 1, 0.45, 0.42, 89.9, 7.03, 294.74, 
5, LiriTuli, eco4, 3454, 0.84, 1, 0.58, 0.54, 66.6, 8.58, 294.92, 
5, LiriTuli, eco5, 5944, 1, 1, 0.51, 0.51, 82.91, 2.33, 306.92, 
5, LiriTuli, eco6, 2456, 0.77, 1, 0.32, 0.3, 107.92, 5.14, 292.67, 
5, LiriTuli, eco8, 4104, 0.43, 1, 0.54, 0.3, 55.11, 54.38, 290.61, 
5, LiriTuli, eco9, 1850, 0.35, 1, 0.64, 0.26, 44.19, 53.75, 291.75, 
5, LiriTuli, eco10, 4454, 0.96, 1, 0.53, 0.52, 82.5, 5.76, 301.82, 
5, LiriTuli, eco11, 3562, 0.51, 1, 0.45, 0.3, 71, 54.86, 287.51, 
5, LiquStyr, eco1, 1487, 0, 0.88, 0.63, 0, 38.33, 53.19, 292.78, 
5, LiquStyr, eco2, 2779, 0.4, 1, 0.6, 0.28, 59.49, 8.58, 295.9, 
5, LiquStyr, eco3, 4512, 0.45, 1, 0.44, 0.26, 90.06, 7.12, 294.75, 
5, LiquStyr, eco4, 3421, 0.46, 1, 0.57, 0.3, 68.45, 8.39, 294.74, 
5, LiquStyr, eco5, 5912, 0.88, 1, 0.51, 0.49, 82.19, 2.2, 306.95, 
5, LiquStyr, eco6, 2452, 0.31, 1, 0.32, 0.14, 108.72, 4.7, 292.83, 
5, LiquStyr, eco8, 4034, 0, 0.91, 0.54, 0, 55.02, 54.57, 290.56, 
5, LiquStyr, eco9, 1876, 0, 0.92, 0.64, 0, 42.67, 53.47, 291.7, 
5, LiquStyr, eco10, 4424, 0.75, 1, 0.52, 0.43, 82.93, 6.03, 301.76, 
5, LiquStyr, eco11, 3511, 0, 0.92, 0.44, 0, 72.46, 54.78, 287.46, 
5, MagnAcum, eco1, 2577, 0.81, 1, 0.49, 0.46, 37.73, 52.01, 292.46, 
5, MagnAcum, eco2, 5035, 1, 1, 0.46, 0.46, 60.17, 7.35, 295.58, 
5, MagnAcum, eco3, 7235, 1, 1, 0.32, 0.32, 88.76, 6.67, 294.53, 
5, MagnAcum, eco4, 6044, 1, 1, 0.46, 0.46, 66.78, 7.55, 294.66, 
5, MagnAcum, eco5, 9632, 0.84, 1, 0.42, 0.39, 82.68, 1.95, 306.74, 
5, MagnAcum, eco6, 3384, 0.99, 1, 0.19, 0.19, 107.74, 4.85, 292.56, 
5, MagnAcum, eco8, 6885, 0.82, 1, 0.36, 0.34, 55.6, 53.68, 290.48, 
5, MagnAcum, eco9, 3285, 0.76, 1, 0.5, 0.44, 45.58, 53.01, 291.63, 
5, MagnAcum, eco10, 7549, 0.94, 1, 0.44, 0.44, 81.57, 4.74, 301.66, 
5, MagnAcum, eco11, 5882, 0.87, 1, 0.27, 0.26, 70.3, 54.1, 287.44, 
5, MagnMacr, eco1, 2629, 0.67, 1, 0.48, 0.4, 38.62, 52.13, 292.44, 
5, MagnMacr, eco2, 5250, 0.93, 1, 0.47, 0.47, 59.41, 7.23, 295.58, 
5, MagnMacr, eco3, 7396, 0.94, 1, 0.32, 0.32, 88.11, 6.43, 294.59, 
5, MagnMacr, eco4, 6085, 0.94, 1, 0.45, 0.45, 66.93, 7.66, 294.63, 
5, MagnMacr, eco5, 9469, 1, 1, 0.42, 0.42, 83.43, 2.05, 306.79, 
5, MagnMacr, eco6, 3392, 0.9, 1, 0.19, 0.19, 108.7, 4.44, 292.56, 
5, MagnMacr, eco8, 6827, 0.68, 1, 0.36, 0.31, 54.71, 53.87, 290.43, 
5, MagnMacr, eco9, 3230, 0.63, 1, 0.5, 0.38, 43.95, 53.08, 291.63, 
5, MagnMacr, eco10, 7532, 1, 1, 0.44, 0.44, 83.75, 5.07, 301.52, 
5, MagnMacr, eco11, 5802, 0.74, 1, 0.27, 0.24, 70.76, 54.25, 287.46, 
5, NyssSylv, eco1, 3744, 0.55, 1, 0.65, 0.43, 37.48, 51.21, 292.3, 
5, NyssSylv, eco2, 7323, 0.82, 1, 0.6, 0.56, 59.07, 5.54, 295.42, 
5, NyssSylv, eco3, 9171, 0.84, 1, 0.46, 0.43, 87.12, 5.13, 294.44, 
5, NyssSylv, eco4, 8393, 0.84, 1, 0.58, 0.54, 66.72, 5.8, 294.39, 
5, NyssSylv, eco5, 11254, 0.98, 1, 0.49, 0.49, 85.19, 1.67, 306.63, 
5, NyssSylv, eco6, 3506, 0.79, 1, 0.32, 0.31, 110.55, 4.86, 292.51, 
5, NyssSylv, eco8, 9404, 0.56, 1, 0.55, 0.39, 55.68, 53.14, 290.29, 
5, NyssSylv, eco9, 4980, 0.51, 1, 0.65, 0.39, 43.74, 52.18, 291.47, 
5, NyssSylv, eco10, 9510, 0.94, 1, 0.53, 0.52, 81.38, 4.13, 301.39, 
5, NyssSylv, eco11, 7657, 0.61, 1, 0.47, 0.36, 69.24, 53.91, 287.41, 
5, OxydArbo, eco1, 3775, 0.66, 1, 0.66, 0.51, 36.84, 51.19, 292.29, 
5, OxydArbo, eco2, 7188, 0.98, 1, 0.6, 0.6, 58.64, 5.52, 295.39, 
5, OxydArbo, eco3, 9187, 0.99, 1, 0.47, 0.47, 85.2, 5.28, 294.36, 
5, OxydArbo, eco4, 8449, 0.99, 1, 0.58, 0.58, 66.15, 6.12, 294.37, 
5, OxydArbo, eco5, 11253, 0.89, 1, 0.49, 0.46, 85.5, 1.65, 306.63, 
5, OxydArbo, eco6, 3522, 0.95, 1, 0.34, 0.33, 107.97, 4.51, 292.5, 
5, OxydArbo, eco8, 9407, 0.68, 1, 0.55, 0.45, 55.6, 53.05, 290.31, 
5, OxydArbo, eco9, 4832, 0.59, 1, 0.65, 0.45, 43.63, 52.01, 291.59, 
5, OxydArbo, eco10, 9637, 0.97, 1, 0.54, 0.54, 80.12, 4.01, 301.41, 
5, OxydArbo, eco11, 7679, 0.76, 1, 0.46, 0.42, 69.27, 53.88, 287.34, 
5, PrunSero, eco1, 1458, 0.78, 1, 0.64, 0.58, 37.14, 53.22, 292.91, 
5, PrunSero, eco2, 2933, 0.97, 1, 0.6, 0.6, 57.36, 8.61, 295.92, 
5, PrunSero, eco3, 4614, 0.97, 1, 0.46, 0.46, 88.25, 6.44, 294.68, 
5, PrunSero, eco4, 3457, 0.97, 1, 0.56, 0.56, 68.85, 8.62, 294.78, 
5, PrunSero, eco5, 5923, 0.98, 1, 0.51, 0.51, 82.14, 2.36, 306.88, 
5, PrunSero, eco6, 2433, 0.95, 1, 0.32, 0.32, 107.31, 5.36, 292.69, 
5, PrunSero, eco8, 4074, 0.79, 1, 0.54, 0.5, 54.99, 54.46, 290.6, 
5, PrunSero, eco9, 1854, 0.75, 1, 0.64, 0.54, 44.53, 53.76, 291.76, 
5, PrunSero, eco10, 4455, 1, 1, 0.53, 0.53, 81.93, 5.73, 301.84, 
5, PrunSero, eco11, 3562, 0.83, 1, 0.45, 0.43, 70.83, 54.85, 287.53, 
5, PrunPenn, eco1, 844, 0.73, 1, 0.45, 0.39, 39.63, 55.89, 293.33, 
5, PrunPenn, eco2, 1645, 0.06, 1, 0.47, 0.03, 57.79, 11.61, 296.12, 
5, PrunPenn, eco3, 3209, 0.03, 1, 0.31, 0.01, 88.08, 7.52, 294.95, 
5, PrunPenn, eco4, 2002, 0.03, 1, 0.44, 0.01, 69.29, 10.31, 295.09, 
5, PrunPenn, eco5, 4096, 0, 1, 0.44, 0, 79.82, 2.29, 307.08, 
5, PrunPenn, eco6, 2009, 0.18, 1, 0.18, 0.05, 108.57, 5.6, 292.88, 
5, PrunPenn, eco8, 2511, 0.71, 1, 0.34, 0.29, 56.32, 55.47, 290.9, 
5, PrunPenn, eco9, 1001, 0.78, 1, 0.48, 0.43, 45.56, 55.39, 292.1, 
5, PrunPenn, eco10, 2760, 0, 1, 0.42, 0, 86.7, 7.52, 302.06, 
5, PrunPenn, eco11, 2335, 0.62, 1, 0.25, 0.19, 71.87, 55.4, 287.62, 
5, PlanOcid, eco1, 1469, 0.7, 1, 0.38, 0.33, 39.26, 52.77, 292.67, 
5, PlanOcid, eco2, 2832, 0.96, 1, 0.37, 0.37, 60.83, 8.86, 295.83, 
5, PlanOcid, eco3, 4504, 0.97, 1, 0.26, 0.26, 89.07, 6.4, 294.72, 
5, PlanOcid, eco4, 3486, 0.97, 1, 0.38, 0.38, 66.14, 9.16, 294.71, 
5, PlanOcid, eco5, 5856, 0.96, 1, 0.37, 0.37, 82.91, 2.12, 306.95, 
5, PlanOcid, eco6, 2488, 0.94, 1, 0.11, 0.11, 107.85, 5.65, 292.73, 
5, PlanOcid, eco8, 4112, 0.71, 1, 0.28, 0.24, 55.75, 54.44, 290.55, 
5, PlanOcid, eco9, 1859, 0.65, 1, 0.44, 0.35, 43.41, 53.92, 291.69, 
5, PlanOcid, eco10, 4267, 1, 1, 0.41, 0.41, 81.07, 5.64, 301.84, 
5, PlanOcid, eco11, 3574, 0.77, 1, 0.21, 0.19, 70.25, 54.79, 287.55, 
5, QuerAlba, eco1, 2609, 0.78, 1, 0.69, 0.61, 37.51, 52.2, 292.57, 
5, QuerAlba, eco2, 5078, 0.98, 1, 0.62, 0.62, 58.34, 6.77, 295.62, 
5, QuerAlba, eco3, 7139, 0.99, 1, 0.48, 0.48, 88.82, 6.32, 294.59, 
5, QuerAlba, eco4, 6010, 0.99, 1, 0.58, 0.58, 69.36, 7.39, 294.66, 
5, QuerAlba, eco5, 9488, 0.95, 1, 0.52, 0.51, 83.38, 1.9, 306.87, 
5, QuerAlba, eco6, 3445, 0.96, 1, 0.36, 0.36, 106.66, 5.25, 292.6, 
5, QuerAlba, eco8, 6920, 0.79, 1, 0.58, 0.53, 54.99, 53.67, 290.4, 
5, QuerAlba, eco9, 3268, 0.74, 1, 0.66, 0.55, 44.63, 52.79, 291.6, 
5, QuerAlba, eco10, 7550, 0.99, 1, 0.55, 0.55, 81.84, 4.77, 301.57, 
5, QuerAlba, eco11, 5839, 0.84, 1, 0.49, 0.47, 69.62, 54.23, 287.51, 
5, QuerCocc, eco1, 1451, 0.83, 1, 0.62, 0.58, 39.08, 52.97, 292.78, 
5, QuerCocc, eco2, 2827, 0.99, 1, 0.59, 0.58, 59.19, 7.82, 295.83, 
5, QuerCocc, eco3, 4462, 0.99, 1, 0.44, 0.44, 88.96, 6.58, 294.73, 
5, QuerCocc, eco4, 3415, 0.99, 1, 0.55, 0.55, 69.67, 7.95, 294.82, 
5, QuerCocc, eco5, 5951, 0.65, 1, 0.51, 0.37, 80.77, 2.33, 306.93, 
5, QuerCocc, eco6, 2486, 1, 1, 0.32, 0.32, 107, 5.35, 292.77, 
5, QuerCocc, eco8, 3958, 0.84, 1, 0.53, 0.51, 54.18, 54.49, 290.55, 
5, QuerCocc, eco9, 1913, 0.77, 1, 0.63, 0.55, 43.9, 53.62, 291.73, 
5, QuerCocc, eco10, 4380, 0.84, 1, 0.52, 0.47, 81.12, 5.83, 301.86, 
5, QuerCocc, eco11, 3558, 0.9, 1, 0.43, 0.42, 70.25, 54.85, 287.41, 
5, QuerFalc, eco1, 2574, 0.1, 0.93, 0.77, 0.09, 37.69, 52.01, 292.44, 
5, QuerFalc, eco2, 5094, 0.66, 0.93, 0.69, 0.49, 59.21, 7.57, 295.63, 
5, QuerFalc, eco3, 7216, 0.7, 0.95, 0.53, 0.43, 89.07, 5.92, 294.59, 
5, QuerFalc, eco4, 6162, 0.7, 0.93, 0.65, 0.48, 66.32, 7.3, 294.63, 
5, QuerFalc, eco5, 9629, 0.97, 0.97, 0.58, 0.56, 83.07, 1.98, 306.75, 
5, QuerFalc, eco6, 3383, 0.6, 0.96, 0.41, 0.3, 107.26, 5.19, 292.59, 
5, QuerFalc, eco8, 6766, 0.12, 0.9, 0.66, 0.1, 55.97, 53.7, 290.4, 
5, QuerFalc, eco9, 3212, 0.01, 0.91, 0.73, 0, 44.33, 52.81, 291.67, 
5, QuerFalc, eco10, 7411, 0.9, 0.94, 0.59, 0.53, 84.92, 5, 301.61, 
5, QuerFalc, eco11, 5913, 0.23, 0.94, 0.56, 0.17, 69.68, 54.34, 287.45, 
5, QuerRubr, eco1, 2641, 1, 1, 0.57, 0.57, 37.97, 51.93, 292.53, 
5, QuerRubr, eco2, 5175, 0.91, 1, 0.54, 0.53, 59.55, 7.57, 295.58, 
5, QuerRubr, eco3, 7213, 0.89, 1, 0.38, 0.36, 89.18, 6.38, 294.59, 
5, QuerRubr, eco4, 6167, 0.89, 1, 0.52, 0.5, 68.34, 7.78, 294.62, 
5, QuerRubr, eco5, 9568, 0.51, 1, 0.45, 0.27, 83.49, 2.08, 306.79, 
5, QuerRubr, eco6, 3412, 0.94, 1, 0.26, 0.26, 108.1, 4.91, 292.62, 
5, QuerRubr, eco8, 6841, 1, 1, 0.46, 0.46, 54.46, 53.78, 290.47, 
5, QuerRubr, eco9, 3272, 0.99, 1, 0.59, 0.59, 42.37, 53.09, 291.56, 
5, QuerRubr, eco10, 7588, 0.69, 1, 0.47, 0.37, 82.76, 5.09, 301.64, 
5, QuerRubr, eco11, 5859, 1, 1, 0.36, 0.36, 71.4, 54.26, 287.5, 
5, QuerPrin, eco1, 2604, 0.8, 1, 0.57, 0.52, 38.09, 51.83, 292.53, 
5, QuerPrin, eco2, 5025, 0.95, 1, 0.55, 0.55, 59.53, 7.37, 295.67, 
5, QuerPrin, eco3, 7124, 0.96, 1, 0.38, 0.38, 88.39, 6.3, 294.55, 
5, QuerPrin, eco4, 6165, 0.96, 1, 0.53, 0.53, 66.74, 7.32, 294.65, 
5, QuerPrin, eco5, 9623, 1, 1, 0.46, 0.46, 84.53, 2, 306.77, 
5, QuerPrin, eco6, 3405, 0.94, 1, 0.27, 0.27, 107.31, 4.89, 292.63, 
5, QuerPrin, eco8, 6937, 0.81, 1, 0.46, 0.43, 55.59, 53.65, 290.45, 
5, QuerPrin, eco9, 3283, 0.77, 1, 0.59, 0.51, 43.92, 52.99, 291.6, 
5, QuerPrin, eco10, 7640, 1, 1, 0.48, 0.48, 82.47, 4.77, 301.58, 
5, QuerPrin, eco11, 5787, 0.84, 1, 0.38, 0.36, 70.19, 54.33, 287.48, 
5, QuerVelu, eco1, 1446, 0.81, 1, 0.63, 0.58, 37.96, 53.44, 292.7, 
5, QuerVelu, eco2, 2821, 1, 1, 0.58, 0.58, 59.93, 8.62, 295.82, 
5, QuerVelu, eco3, 4535, 1, 1, 0.46, 0.46, 87.85, 6.95, 294.7, 
5, QuerVelu, eco4, 3438, 1, 1, 0.57, 0.57, 68.13, 8.48, 294.9, 
5, QuerVelu, eco5, 5859, 0.86, 1, 0.52, 0.48, 80.72, 2.29, 306.96, 
5, QuerVelu, eco6, 2435, 0.99, 1, 0.33, 0.33, 105.44, 5.42, 292.71, 
5, QuerVelu, eco8, 4019, 0.82, 1, 0.54, 0.51, 56.04, 54.51, 290.54, 
5, QuerVelu, eco9, 1832, 0.76, 1, 0.63, 0.54, 45.22, 53.6, 291.9, 
5, QuerVelu, eco10, 4359, 0.95, 1, 0.52, 0.51, 84.03, 5.58, 301.83, 
5, QuerVelu, eco11, 3569, 0.87, 1, 0.45, 0.44, 70.22, 54.65, 287.52, 
5, QuerStel, eco1, 1419, 0.09, 1, 0.63, 0.07, 38.87, 53.42, 292.8, 
5, QuerStel, eco2, 2871, 0.66, 1, 0.6, 0.46, 56.92, 8.49, 295.8, 
5, QuerStel, eco3, 4471, 0.7, 1, 0.45, 0.37, 89.24, 6.92, 294.76, 
5, QuerStel, eco4, 3505, 0.7, 1, 0.57, 0.46, 67.04, 8.43, 294.9, 
5, QuerStel, eco5, 5846, 0.97, 1, 0.52, 0.52, 80.4, 2.42, 306.91, 
5, QuerStel, eco6, 2446, 0.59, 1, 0.33, 0.25, 108.01, 5.43, 292.72, 
5, QuerStel, eco8, 4089, 0.11, 1, 0.56, 0.09, 53.05, 54.34, 290.59, 
5, QuerStel, eco9, 1840, 0.01, 1, 0.66, 0.01, 41.09, 53.59, 291.87, 
5, QuerStel, eco10, 4481, 0.9, 1, 0.52, 0.5, 82.87, 5.88, 301.77, 
5, QuerStel, eco11, 3511, 0.22, 1, 0.46, 0.15, 69.41, 54.78, 287.51, 
5, RobiPseu, eco1, 802, 0.79, 1, 0.6, 0.54, 39.96, 55.77, 293.36, 
5, RobiPseu, eco2, 1544, 1, 1, 0.61, 0.61, 56.79, 11.22, 296.14, 
5, RobiPseu, eco3, 3122, 1, 1, 0.46, 0.46, 88.15, 7.34, 294.98, 
5, RobiPseu, eco4, 2045, 1, 1, 0.57, 0.57, 67.15, 10.61, 295.12, 
5, RobiPseu, eco5, 4101, 0.82, 1, 0.54, 0.48, 78.17, 2.65, 307.06, 
5, RobiPseu, eco6, 2034, 0.99, 1, 0.32, 0.32, 107.82, 4.95, 292.94, 
5, RobiPseu, eco8, 2497, 0.8, 1, 0.53, 0.5, 55.73, 55.47, 290.8, 
5, RobiPseu, eco9, 1016, 0.74, 1, 0.64, 0.54, 45.56, 55.02, 292, 
5, RobiPseu, eco10, 2755, 0.93, 1, 0.52, 0.5, 84.41, 6.77, 302.07, 
5, RobiPseu, eco11, 2336, 0.86, 1, 0.43, 0.42, 73.11, 55.55, 287.48, 
5, SassAlid, eco1, 1467, 0.59, 1, 0.65, 0.46, 35.92, 53.22, 292.72, 
5, SassAlid, eco2, 2748, 0.86, 1, 0.6, 0.57, 57.98, 8.39, 295.83, 
5, SassAlid, eco3, 4390, 0.88, 1, 0.45, 0.44, 88.31, 7.01, 294.64, 
5, SassAlid, eco4, 3454, 0.88, 1, 0.57, 0.55, 66.66, 8.38, 294.88, 
5, SassAlid, eco5, 5940, 0.99, 1, 0.51, 0.51, 83.12, 2.27, 306.93, 
5, SassAlid, eco6, 2381, 0.83, 1, 0.33, 0.32, 106.93, 5.13, 292.73, 
5, SassAlid, eco8, 4072, 0.6, 1, 0.55, 0.41, 54.89, 54.31, 290.64, 
5, SassAlid, eco9, 1836, 0.54, 1, 0.63, 0.4, 44.5, 53.57, 291.73, 
5, SassAlid, eco10, 4339, 0.97, 1, 0.52, 0.51, 84.66, 5.64, 301.85, 
5, SassAlid, eco11, 3601, 0.66, 1, 0.44, 0.36, 71.95, 54.57, 287.54, 
5, TiliAmer, eco1, 3672, 0.91, 1, 0.57, 0.56, 36.3, 50.76, 292.3, 
5, TiliAmer, eco2, 7441, 0.99, 1, 0.53, 0.53, 59.01, 4.48, 295.34, 
5, TiliAmer, eco3, 8294, 0.99, 1, 0.37, 0.37, 85.22, 4.32, 294.36, 
5, TiliAmer, eco4, 8144, 0.99, 1, 0.51, 0.51, 65.58, 4.51, 294.36, 
5, TiliAmer, eco5, 8997, 0.79, 1, 0.42, 0.37, 86.21, 1.37, 306.54, 
5, TiliAmer, eco6, 2613, 1, 1, 0.21, 0.21, 113.11, 3.99, 292.43, 
5, TiliAmer, eco8, 9353, 0.92, 1, 0.43, 0.42, 55.37, 52.83, 290.27, 
5, TiliAmer, eco9, 5084, 0.88, 1, 0.55, 0.53, 45.15, 51.49, 291.48, 
5, TiliAmer, eco10, 8235, 0.9, 1, 0.48, 0.46, 77.76, 3.21, 301.34, 
5, TiliAmer, eco11, 7005, 0.95, 1, 0.35, 0.35, 68.18, 53.55, 287.38, 
5, TiliAmhe, eco1, 3675, 0.64, 1, 0.57, 0.44, 35.43, 50.86, 292.36, 
5, TiliAmhe, eco2, 7337, 0.97, 1, 0.53, 0.53, 58.55, 4.42, 295.35, 
5, TiliAmhe, eco3, 8251, 0.98, 1, 0.37, 0.37, 85.06, 4.17, 294.32, 
5, TiliAmhe, eco4, 8041, 0.98, 1, 0.51, 0.51, 65.82, 4.34, 294.37, 
5, TiliAmhe, eco5, 9009, 0.9, 1, 0.41, 0.39, 88.04, 1.32, 306.53, 
5, TiliAmhe, eco6, 2708, 0.95, 1, 0.21, 0.21, 112.04, 4.29, 292.35, 
5, TiliAmhe, eco8, 9276, 0.66, 1, 0.42, 0.35, 56.27, 52.76, 290.24, 
5, TiliAmhe, eco9, 5103, 0.57, 1, 0.55, 0.37, 44.68, 51.72, 291.42, 
5, TiliAmhe, eco10, 8105, 0.98, 1, 0.47, 0.47, 79.5, 3.32, 301.34, 
5, TiliAmhe, eco11, 6902, 0.74, 1, 0.35, 0.31, 70.05, 53.6, 287.45, 
5, TsugCana, eco1, 3718, 0.98, 1, 0.55, 0.55, 35.52, 50.86, 292.34, 
5, TsugCana, eco2, 7187, 0.57, 1, 0.51, 0.36, 58.17, 4.57, 295.33, 
5, TsugCana, eco3, 8344, 0.51, 1, 0.34, 0.21, 86.81, 4.2, 294.38, 
5, TsugCana, eco4, 8086, 0.51, 1, 0.49, 0.3, 66.98, 4.81, 294.28, 
5, TsugCana, eco5, 8950, 0, 1, 0.41, 0, 85.95, 1.28, 306.57, 
5, TsugCana, eco6, 2707, 0.67, 1, 0.19, 0.17, 110.45, 4.8, 292.35, 
5, TsugCana, eco8, 9347, 0.97, 1, 0.39, 0.39, 55.76, 52.8, 290.28, 
5, TsugCana, eco9, 4984, 0.99, 1, 0.52, 0.52, 44.84, 51.43, 291.56, 
5, TsugCana, eco10, 8334, 0.01, 1, 0.46, 0.01, 79.01, 3.09, 301.34, 
5, TsugCana, eco11, 6956, 0.94, 1, 0.33, 0.33, 68.37, 53.57, 287.39, 
5, PinuVirg, eco1, 876, 0.83, 1, 0.59, 0.56, 40.8, 54.96, 293.45, 
5, PinuVirg, eco2, 1603, 0.99, 1, 0.59, 0.59, 55.69, 11.77, 296.11, 
5, PinuVirg, eco3, 3175, 0.99, 1, 0.44, 0.44, 89.51, 7.45, 294.91, 
5, PinuVirg, eco4, 2049, 0.99, 1, 0.56, 0.56, 67.11, 10.88, 295.28, 
5, PinuVirg, eco5, 4133, 0.68, 1, 0.52, 0.39, 78.79, 2.49, 307.02, 
5, PinuVirg, eco6, 1996, 1, 1, 0.31, 0.31, 107.1, 5.7, 292.82, 
5, PinuVirg, eco8, 2558, 0.84, 1, 0.52, 0.5, 55.64, 55.33, 290.79, 
5, PinuVirg, eco9, 1015, 0.78, 1, 0.63, 0.55, 45.04, 55.11, 292, 
5, PinuVirg, eco10, 2744, 0.86, 1, 0.51, 0.46, 84.56, 7.52, 302.09, 
5, PinuVirg, eco11, 2226, 0.9, 1, 0.41, 0.4, 73.92, 55.3, 287.54, 
5, PinuTaed, eco1, 818, 0, 0.73, 0.69, 0, 39.33, 55.64, 293.37, 
5, PinuTaed, eco2, 1585, 0.48, 0.84, 0.65, 0.32, 58.08, 11.19, 296.07, 
5, PinuTaed, eco3, 3090, 0.53, 0.9, 0.5, 0.31, 88.26, 7.72, 295.01, 
5, PinuTaed, eco4, 2093, 0.53, 0.85, 0.59, 0.32, 68.75, 11.17, 295.12, 
5, PinuTaed, eco5, 3955, 0.92, 0.95, 0.56, 0.52, 80.5, 2.73, 307.05, 
5, PinuTaed, eco6, 2044, 0.39, 0.92, 0.36, 0.18, 105.71, 5.33, 292.84, 
5, PinuTaed, eco8, 2453, 0, 0.82, 0.59, 0, 57.17, 55.55, 290.73, 
5, PinuTaed, eco9, 1063, 0, 0.8, 0.67, 0, 46.58, 55.34, 291.97, 
5, PinuTaed, eco10, 2777, 0.8, 0.91, 0.55, 0.45, 84.85, 6.93, 302.21, 
5, PinuTaed, eco11, 2279, 0, 0.85, 0.49, 0, 71.18, 55.59, 287.55, 
5, PinuStro, eco1, 2604, 1, 1, 0.56, 0.56, 38.8, 52.15, 292.47, 
5, PinuStro, eco2, 5016, 0.77, 1, 0.55, 0.49, 58.8, 7.6, 295.6, 
5, PinuStro, eco3, 7137, 0.73, 1, 0.38, 0.32, 88.63, 6.24, 294.6, 
5, PinuStro, eco4, 6195, 0.73, 1, 0.53, 0.44, 66.97, 7.36, 294.65, 
5, PinuStro, eco5, 9496, 0.02, 1, 0.46, 0.01, 83.14, 1.88, 306.83, 
5, PinuStro, eco6, 3406, 0.83, 1, 0.27, 0.26, 106.7, 4.22, 292.68, 
5, PinuStro, eco8, 6682, 1, 1, 0.45, 0.45, 55.26, 53.79, 290.43, 
5, PinuStro, eco9, 3331, 1, 1, 0.59, 0.59, 42.93, 52.93, 291.57, 
5, PinuStro, eco10, 7455, 0.34, 1, 0.48, 0.19, 81.95, 4.72, 301.51, 
5, PinuStro, eco11, 5994, 0.99, 1, 0.36, 0.36, 70.83, 54.39, 287.46, 
5, PinuRigi, eco1, 842, 0.98, 1, 0.59, 0.59, 41.19, 55.6, 293.63, 
5, PinuRigi, eco2, 1642, 0.62, 1, 0.6, 0.42, 59.55, 10.85, 296.16, 
5, PinuRigi, eco3, 3164, 0.53, 1, 0.46, 0.3, 88.09, 7.24, 294.95, 
5, PinuRigi, eco4, 2079, 0.54, 1, 0.57, 0.35, 68.2, 10.24, 295.26, 
5, PinuRigi, eco5, 4045, 0, 1, 0.53, 0, 79.99, 2.54, 307.05, 
5, PinuRigi, eco6, 1923, 0.73, 1, 0.34, 0.3, 103.98, 5.56, 292.86, 
5, PinuRigi, eco8, 2470, 0.99, 1, 0.54, 0.54, 56.38, 55.44, 290.88, 
5, PinuRigi, eco9, 1038, 0.96, 1, 0.64, 0.64, 46.87, 55.42, 291.86, 
5, PinuRigi, eco10, 2592, 0.03, 1, 0.52, 0.02, 84.52, 7.3, 302.06, 
5, PinuRigi, eco11, 2305, 0.99, 1, 0.43, 0.43, 74.59, 55.68, 287.61, 
5, PinuPung, eco1, 1495, 0.99, 1, 0.64, 0.64, 39.2, 53.01, 292.68, 
5, PinuPung, eco2, 2683, 0.23, 1, 0.61, 0.17, 57.58, 8.21, 295.9, 
5, PinuPung, eco3, 4621, 0.12, 1, 0.47, 0.07, 87.23, 7.19, 294.8, 
5, PinuPung, eco4, 3434, 0.11, 1, 0.58, 0.08, 67.4, 8.5, 294.88, 
5, PinuPung, eco5, 5865, 0, 1, 0.52, 0, 81.54, 2.07, 306.93, 
5, PinuPung, eco6, 2475, 0.43, 1, 0.33, 0.19, 107.53, 5.14, 292.71, 
5, PinuPung, eco8, 4127, 0.98, 1, 0.54, 0.54, 56.31, 54.37, 290.52, 
5, PinuPung, eco9, 1785, 1, 1, 0.65, 0.65, 44.61, 53.88, 291.71, 
5, PinuPung, eco10, 4429, 0, 1, 0.53, 0, 82.71, 5.42, 301.78, 
5, PinuPung, eco11, 3556, 0.93, 1, 0.45, 0.45, 71, 54.86, 287.58, 
5, FrasFirr, eco1, 3638, 0.34, 1, 0.08, 0.04, 36.21, 50.63, 292.38, 
5, FrasFirr, eco2, 7251, 0, 1, 0.07, 0, 58.94, 4.53, 295.37, 
5, FrasFirr, eco3, 8252, 0, 1, 0.11, 0, 83.6, 4.33, 294.3, 
5, FrasFirr, eco4, 8108, 0, 1, 0.1, 0, 66.72, 4.75, 294.37, 
5, FrasFirr, eco5, 9071, 0, 1, 0.13, 0, 87.72, 1.34, 306.56, 
5, FrasFirr, eco6, 2684, 0, 1, 0.01, 0, 110.99, 4.66, 292.26, 
5, FrasFirr, eco8, 9211, 0.24, 1, 0.11, 0.03, 55.09, 52.85, 290.31, 
5, FrasFirr, eco9, 5069, 0.65, 1, 0.11, 0.09, 43.94, 51.51, 291.49, 
5, FrasFirr, eco10, 8241, 0, 1, 0.18, 0, 78.49, 3.12, 301.33, 
5, FrasFirr, eco11, 6957, 0.01, 1, 0.08, 0, 69.55, 53.54, 287.41, 
5, PiceRube, eco1, 3691, 0, 1, 0.67, 0, 36.91, 51.1, 292.3, 
5, PiceRube, eco2, 7392, 0, 1, 0.6, 0, 59.87, 5.82, 295.37, 
5, PiceRube, eco3, 9156, 0, 1, 0.47, 0, 86.43, 4.84, 294.46, 
5, PiceRube, eco4, 8371, 0, 1, 0.58, 0, 66.67, 5.76, 294.47, 
5, PiceRube, eco5, 11097, 0, 1, 0.5, 0, 84.75, 1.56, 306.66, 
5, PiceRube, eco6, 3507, 0, 1, 0.33, 0, 111.51, 4.91, 292.45, 
5, PiceRube, eco8, 9471, 0, 1, 0.56, 0, 54.31, 53.08, 290.39, 
5, PiceRube, eco9, 4974, 0, 1, 0.65, 0, 44.19, 52.18, 291.49, 
5, PiceRube, eco10, 9592, 0, 1, 0.54, 0, 81.09, 4.1, 301.44, 
5, PiceRube, eco11, 7624, 0, 1, 0.48, 0, 68.75, 53.83, 287.42, 
5, PinuEnch, eco1, 853, 0, 0.79, 0.72, 0, 40.02, 55.85, 293.56, 
5, PinuEnch, eco2, 1657, 0.63, 1, 0.67, 0.48, 58.21, 11.04, 296.29, 
5, PinuEnch, eco3, 3188, 0.69, 1, 0.52, 0.42, 88.41, 7.64, 295.02, 
5, PinuEnch, eco4, 2045, 0.68, 1, 0.61, 0.47, 67.78, 10.73, 295.2, 
5, PinuEnch, eco5, 4041, 0.99, 1, 0.57, 0.57, 80.27, 2.5, 307.15, 
5, PinuEnch, eco6, 1970, 0.54, 1, 0.38, 0.27, 106.09, 5.86, 292.92, 
5, PinuEnch, eco8, 2485, 0, 0.88, 0.61, 0, 56.79, 55.51, 290.85, 
5, PinuEnch, eco9, 1035, 0, 0.87, 0.72, 0, 41.99, 55.25, 291.96, 
5, PinuEnch, eco10, 2716, 0.93, 1, 0.56, 0.54, 86.65, 7.34, 302, 
5, PinuEnch, eco11, 2243, 0.04, 0.9, 0.52, 0.03, 71.62, 55.4, 287.57, 
10, AcerPens, eco1, 3530, 0.39, 1, 0.52, 0.2, 36.54, 80.51, 277.58, 
10, AcerPens, eco2, 6985, 0, 1, 0.35, 0, 44.56, 72.46, 282.43, 
10, AcerPens, eco3, 8980, 0, 1, 0.32, 0, 78.79, 71.76, 279.39, 
10, AcerPens, eco4, 7987, 0, 1, 0.41, 0, 54.83, 71.47, 281.49, 
10, AcerPens, eco5, 10904, 0, 1, 0.32, 0, 85.68, 61.54, 288.84, 
10, AcerPens, eco6, 3549, 0.01, 1, 0.17, 0, 83.01, 74.8, 276.2, 
10, AcerPens, eco8, 8934, 0.32, 1, 0.38, 0.12, 56.27, 78.98, 277.32, 
10, AcerPens, eco9, 4671, 0.51, 1, 0.54, 0.27, 44.57, 80.84, 276.39, 
10, AcerPens, eco10, 9162, 0, 1, 0.42, 0, 73.85, 65.39, 285.28, 
10, AcerPens, eco11, 7323, 0.09, 1, 0.29, 0.02, 64.27, 78.02, 275.98, 
10, AmelArbo, eco1, 3480, 0.77, 1, 0.67, 0.54, 36.14, 80.5, 277.67, 
10, AmelArbo, eco2, 6928, 0.95, 1, 0.62, 0.61, 44.21, 72.46, 282.31, 
10, AmelArbo, eco3, 8834, 0.96, 1, 0.44, 0.43, 79.2, 71.77, 279.26, 
10, AmelArbo, eco4, 8187, 0.97, 1, 0.58, 0.57, 54.17, 71.5, 281.47, 
10, AmelArbo, eco5, 10847, 1, 1, 0.42, 0.42, 86.42, 61.55, 288.84, 
10, AmelArbo, eco6, 3500, 0.93, 1, 0.35, 0.34, 82.51, 74.84, 276.11, 
10, AmelArbo, eco8, 8951, 0.78, 1, 0.5, 0.42, 56.51, 78.96, 277.28, 
10, AmelArbo, eco9, 4694, 0.74, 1, 0.63, 0.48, 43.87, 80.82, 276.44, 
10, AmelArbo, eco10, 9221, 1, 1, 0.49, 0.49, 73.62, 65.38, 285.33, 
10, AmelArbo, eco11, 7388, 0.83, 1, 0.44, 0.39, 65.11, 78.09, 276.09, 
10, AescBuck, eco1, 1312, 0.96, 0.03, 0.58, 0.01, 40.77, 80.26, 277.41, 
10, AescBuck, eco2, 2331, 0.78, 1, 0.54, 0.47, 43.64, 72.44, 282.46, 
10, AescBuck, eco3, 3371, 0.73, 1, 0.37, 0.29, 79.04, 71.8, 279.3, 
10, AescBuck, eco4, 2786, 0.66, 1, 0.5, 0.36, 55.95, 71.4, 281.54, 
10, AescBuck, eco5, 4391, 0.02, 1, 0.34, 0, 86.23, 61.57, 288.84, 
10, AescBuck, eco6, 1843, 0.86, 0.06, 0.27, 0.01, 82.09, 74.84, 276.14, 
10, AescBuck, eco8, 3340, 0.97, 0.03, 0.44, 0.01, 55.03, 78.96, 277.23, 
10, AescBuck, eco9, 1657, 0.93, 0.03, 0.58, 0.01, 44.6, 80.86, 276.25, 
10, AescBuck, eco10, 3442, 0.09, 1, 0.46, 0.04, 75.99, 65.43, 285.43, 
10, AescBuck, eco11, 2902, 0.99, 0.03, 0.35, 0, 66.53, 77.98, 276.06, 
10, AcerRubr, eco1, 3596, 0.8, 1, 0.71, 0.59, 33.65, 80.6, 277.55, 
10, AcerRubr, eco2, 7468, 0.94, 1, 0.66, 0.64, 44.28, 72.5, 282.21, 
10, AcerRubr, eco3, 8923, 0.95, 1, 0.49, 0.47, 76.56, 71.83, 279.24, 
10, AcerRubr, eco4, 8405, 0.96, 1, 0.62, 0.61, 53.12, 71.56, 281.15, 
10, AcerRubr, eco5, 9955, 1, 1, 0.44, 0.44, 87.75, 61.55, 288.76, 
10, AcerRubr, eco6, 3020, 0.93, 1, 0.39, 0.38, 81.14, 74.85, 276.23, 
10, AcerRubr, eco8, 9338, 0.81, 1, 0.55, 0.47, 55.2, 79, 277.25, 
10, AcerRubr, eco9, 5132, 0.77, 1, 0.65, 0.52, 44.19, 80.85, 276.39, 
10, AcerRubr, eco10, 8823, 0.99, 1, 0.51, 0.51, 71.91, 65.41, 285.25, 
10, AcerRubr, eco11, 7412, 0.84, 1, 0.49, 0.44, 63.9, 78.06, 276.01, 
10, AcerSacc, eco1, 3634, 1, 1, 0.56, 0.56, 32.88, 80.56, 277.46, 
10, AcerSacc, eco2, 7534, 0.84, 1, 0.35, 0.32, 44.49, 72.48, 282.29, 
10, AcerSacc, eco3, 8608, 0.81, 1, 0.33, 0.28, 76.97, 71.81, 279.23, 
10, AcerSacc, eco4, 8617, 0.77, 1, 0.41, 0.33, 54.53, 71.57, 281.2, 
10, AcerSacc, eco5, 9835, 0.34, 1, 0.31, 0.11, 88.79, 61.55, 288.83, 
10, AcerSacc, eco6, 2961, 0.88, 1, 0.18, 0.16, 81.66, 74.81, 276.33, 
10, AcerSacc, eco8, 9455, 1, 1, 0.38, 0.38, 55.68, 78.98, 277.25, 
10, AcerSacc, eco9, 5148, 1, 1, 0.54, 0.54, 44.04, 80.84, 276.42, 
10, AcerSacc, eco10, 9018, 0.5, 1, 0.42, 0.22, 73.09, 65.41, 285.17, 
10, AcerSacc, eco11, 7309, 0.99, 1, 0.31, 0.3, 62.7, 78.08, 276.01, 
10, BetuAlle, eco1, 2362, 0.71, 1, 0.62, 0.46, 37.77, 80.41, 277.69, 
10, BetuAlle, eco2, 4295, 0.03, 1, 0.56, 0.01, 43.83, 72.48, 282.32, 
10, BetuAlle, eco3, 6305, 0.02, 1, 0.38, 0.01, 80.24, 71.79, 279.41, 
10, BetuAlle, eco4, 5277, 0.02, 1, 0.52, 0.01, 55.95, 71.42, 281.64, 
10, BetuAlle, eco5, 7927, 0, 1, 0.38, 0, 83.88, 61.52, 288.91, 
10, BetuAlle, eco6, 2967, 0.03, 1, 0.29, 0.01, 80.91, 74.83, 276.31, 
10, BetuAlle, eco8, 6112, 0.67, 1, 0.45, 0.32, 55.96, 78.94, 277.17, 
10, BetuAlle, eco9, 2972, 0.78, 1, 0.6, 0.47, 43.23, 80.78, 276.61, 
10, BetuAlle, eco10, 6449, 0, 1, 0.47, 0, 74.25, 65.24, 285.46, 
10, BetuAlle, eco11, 5206, 0.54, 1, 0.38, 0.23, 65.46, 78.01, 275.91, 
10, BetuNigr, eco1, 704, 0.48, 1, 0.6, 0.31, 40.1, 80.11, 277.41, 
10, BetuNigr, eco2, 1134, 0.88, 1, 0.56, 0.54, 44.1, 72.39, 282.34, 
10, BetuNigr, eco3, 1909, 0.91, 1, 0.39, 0.37, 78.93, 71.75, 279.37, 
10, BetuNigr, eco4, 1515, 0.93, 1, 0.52, 0.5, 55.35, 71.31, 281.5, 
10, BetuNigr, eco5, 2540, 0.99, 1, 0.36, 0.36, 84.23, 61.52, 288.94, 
10, BetuNigr, eco6, 1333, 0.84, 1, 0.3, 0.28, 80.41, 74.98, 275.87, 
10, BetuNigr, eco8, 1670, 0.5, 1, 0.46, 0.26, 54.49, 78.98, 277.27, 
10, BetuNigr, eco9, 781, 0.4, 1, 0.57, 0.24, 47.09, 80.58, 276.64, 
10, BetuNigr, eco10, 1704, 0.99, 1, 0.47, 0.47, 74.04, 65.13, 286.01, 
10, BetuNigr, eco11, 1453, 0.6, 1, 0.37, 0.26, 65.96, 78.04, 276.17, 
10, BetuLent, eco1, 1266, 0.97, 1, 0.61, 0.6, 37.73, 80.16, 277.62, 
10, BetuLent, eco2, 2297, 0.46, 1, 0.56, 0.29, 43.82, 72.37, 282.42, 
10, BetuLent, eco3, 3420, 0.38, 1, 0.38, 0.16, 79.54, 71.82, 279.31, 
10, BetuLent, eco4, 2772, 0.29, 1, 0.51, 0.16, 57.41, 71.39, 281.57, 
10, BetuLent, eco5, 4389, 0, 1, 0.37, 0, 85.41, 61.53, 288.83, 
10, BetuLent, eco6, 1854, 0.58, 1, 0.3, 0.2, 79.73, 74.87, 276.08, 
10, BetuLent, eco8, 3253, 0.95, 1, 0.45, 0.44, 55.04, 78.99, 277.24, 
10, BetuLent, eco9, 1602, 0.99, 1, 0.59, 0.59, 43.09, 80.75, 276.39, 
10, BetuLent, eco10, 3449, 0.02, 1, 0.47, 0.01, 74.24, 65.35, 285.52, 
10, BetuLent, eco11, 2856, 0.9, 1, 0.38, 0.35, 65.81, 78.03, 276.02, 
10, CaryOvat, eco1, 2324, 0.8, 1, 0.61, 0.52, 38.1, 80.47, 277.64, 
10, CaryOvat, eco2, 4292, 0.99, 1, 0.55, 0.55, 44.24, 72.33, 282.47, 
10, CaryOvat, eco3, 6187, 1, 1, 0.39, 0.39, 79.42, 71.78, 279.28, 
10, CaryOvat, eco4, 5178, 0.99, 1, 0.52, 0.52, 55.89, 71.45, 281.49, 
10, CaryOvat, eco5, 8008, 0.88, 1, 0.37, 0.33, 85.46, 61.5, 288.9, 
10, CaryOvat, eco6, 2941, 0.98, 1, 0.29, 0.29, 81.35, 74.8, 276.22, 
10, CaryOvat, eco8, 6033, 0.82, 1, 0.46, 0.39, 55.15, 78.92, 277.33, 
10, CaryOvat, eco9, 3036, 0.76, 1, 0.6, 0.47, 43.37, 80.82, 276.48, 
10, CaryOvat, eco10, 6355, 0.94, 1, 0.46, 0.44, 76.61, 65.29, 285.45, 
10, CaryOvat, eco11, 5317, 0.87, 1, 0.38, 0.35, 65.51, 78, 276.05, 
10, CaryAlba, eco1, 2362, 0.57, 1, 0.61, 0.38, 38.39, 80.32, 277.81, 
10, CaryAlba, eco2, 4296, 0.91, 1, 0.55, 0.53, 45.06, 72.39, 282.45, 
10, CaryAlba, eco3, 6211, 0.93, 1, 0.38, 0.36, 80.73, 71.79, 279.38, 
10, CaryAlba, eco4, 5240, 0.94, 1, 0.52, 0.5, 56.45, 71.44, 281.59, 
10, CaryAlba, eco5, 8017, 0.99, 1, 0.37, 0.37, 85.07, 61.6, 288.8, 
10, CaryAlba, eco6, 3005, 0.88, 1, 0.29, 0.27, 82.66, 74.81, 276.17, 
10, CaryAlba, eco8, 6020, 0.6, 1, 0.46, 0.3, 55.49, 78.96, 277.36, 
10, CaryAlba, eco9, 2925, 0.51, 1, 0.59, 0.32, 44.03, 80.85, 276.54, 
10, CaryAlba, eco10, 6316, 1, 1, 0.47, 0.47, 74.88, 65.28, 285.62, 
10, CaryAlba, eco11, 5149, 0.68, 1, 0.38, 0.29, 65.53, 78.05, 275.96, 
10, CaryGlab, eco1, 2263, 0.53, 1, 0.6, 0.35, 39.85, 80.38, 277.51, 
10, CaryGlab, eco2, 4300, 0.79, 1, 0.56, 0.5, 43.79, 72.43, 282.52, 
10, CaryGlab, eco3, 6210, 0.8, 1, 0.39, 0.33, 78.93, 71.79, 279.34, 
10, CaryGlab, eco4, 5281, 0.82, 1, 0.51, 0.45, 56.39, 71.42, 281.6, 
10, CaryGlab, eco5, 8016, 0.95, 1, 0.37, 0.36, 84.53, 61.55, 288.9, 
10, CaryGlab, eco6, 2948, 0.75, 1, 0.28, 0.24, 82.13, 74.81, 276.12, 
10, CaryGlab, eco8, 6049, 0.55, 1, 0.45, 0.27, 56.16, 78.95, 277.3, 
10, CaryGlab, eco9, 2926, 0.49, 1, 0.6, 0.31, 43.75, 80.82, 276.48, 
10, CaryGlab, eco10, 6424, 0.92, 1, 0.46, 0.43, 75.85, 65.23, 285.55, 
10, CaryGlab, eco11, 5251, 0.6, 1, 0.38, 0.27, 65.3, 78, 276.02, 
10, CaryCodi, eco1, 672, 0.85, 1, 0.66, 0.58, 37.07, 79.75, 277.06, 
10, CaryCodi, eco2, 1149, 1, 1, 0.62, 0.62, 44.43, 72.59, 282.37, 
10, CaryCodi, eco3, 1993, 1, 1, 0.43, 0.43, 81.73, 71.69, 279.3, 
10, CaryCodi, eco4, 1516, 0.99, 1, 0.56, 0.56, 58.54, 71.43, 281.49, 
10, CaryCodi, eco5, 2356, 0.87, 1, 0.42, 0.38, 84.87, 61.47, 289.07, 
10, CaryCodi, eco6, 1269, 0.99, 1, 0.37, 0.37, 78.85, 74.91, 275.88, 
10, CaryCodi, eco8, 1756, 0.86, 1, 0.49, 0.44, 57.76, 79.04, 277.21, 
10, CaryCodi, eco9, 765, 0.8, 1, 0.64, 0.53, 43.23, 80.85, 276.65, 
10, CaryCodi, eco10, 1795, 0.93, 1, 0.46, 0.43, 79.26, 65.33, 285.39, 
10, CaryCodi, eco11, 1535, 0.9, 1, 0.44, 0.41, 64.39, 78.05, 275.89, 
10, CornFlor, eco1, 3421, 0.4, 1, 0.65, 0.28, 36.68, 80.58, 277.4, 
10, CornFlor, eco2, 6835, 0.85, 1, 0.59, 0.55, 44.29, 72.49, 282.32, 
10, CornFlor, eco3, 8975, 0.87, 1, 0.42, 0.38, 79.1, 71.79, 279.31, 
10, CornFlor, eco4, 8072, 0.9, 1, 0.56, 0.52, 54.92, 71.45, 281.45, 
10, CornFlor, eco5, 10859, 1, 1, 0.39, 0.39, 86.03, 61.52, 288.85, 
10, CornFlor, eco6, 3525, 0.8, 1, 0.33, 0.29, 81.19, 74.79, 276.33, 
10, CornFlor, eco8, 9027, 0.43, 1, 0.48, 0.23, 55.61, 78.98, 277.31, 
10, CornFlor, eco9, 4656, 0.33, 1, 0.62, 0.21, 42.5, 80.77, 276.5, 
10, CornFlor, eco10, 9104, 0.99, 1, 0.48, 0.48, 74.02, 65.33, 285.39, 
10, CornFlor, eco11, 7344, 0.53, 1, 0.42, 0.26, 64.64, 78, 276.04, 
10, FraxPenn, eco1, 2395, 0.76, 1, 0.57, 0.46, 37.23, 80.36, 277.41, 
10, FraxPenn, eco2, 4260, 0.94, 1, 0.45, 0.44, 43.55, 72.45, 282.43, 
10, FraxPenn, eco3, 6256, 0.95, 1, 0.34, 0.33, 79.27, 71.79, 279.17, 
10, FraxPenn, eco4, 5294, 0.96, 1, 0.44, 0.43, 55.54, 71.36, 281.7, 
10, FraxPenn, eco5, 8036, 1, 1, 0.33, 0.33, 85.61, 61.48, 288.94, 
10, FraxPenn, eco6, 2884, 0.92, 1, 0.24, 0.23, 80.5, 74.88, 276.22, 
10, FraxPenn, eco8, 5939, 0.77, 1, 0.39, 0.31, 56.93, 78.96, 277.29, 
10, FraxPenn, eco9, 2904, 0.72, 1, 0.56, 0.42, 44.5, 80.84, 276.4, 
10, FraxPenn, eco10, 6242, 1, 1, 0.43, 0.43, 75.89, 65.3, 285.45, 
10, FraxPenn, eco11, 5191, 0.81, 1, 0.31, 0.26, 65.03, 78.02, 275.97, 
10, FraxAmer, eco1, 3486, 0.92, 1, 0.66, 0.62, 37.1, 80.53, 277.47, 
10, FraxAmer, eco2, 6899, 1, 1, 0.61, 0.61, 43.27, 72.49, 282.35, 
10, FraxAmer, eco3, 9115, 1, 1, 0.44, 0.43, 78.93, 71.81, 279.15, 
10, FraxAmer, eco4, 7991, 0.99, 1, 0.57, 0.57, 55.68, 71.46, 281.42, 
10, FraxAmer, eco5, 11036, 0.88, 1, 0.41, 0.37, 85.56, 61.55, 288.84, 
10, FraxAmer, eco6, 3557, 1, 1, 0.34, 0.34, 81.19, 74.8, 276.26, 
10, FraxAmer, eco8, 8972, 0.93, 1, 0.49, 0.47, 56.41, 78.97, 277.28, 
10, FraxAmer, eco9, 4742, 0.9, 1, 0.62, 0.56, 43.95, 80.85, 276.33, 
10, FraxAmer, eco10, 9112, 0.93, 1, 0.48, 0.46, 73.65, 65.35, 285.33, 
10, FraxAmer, eco11, 7384, 0.95, 1, 0.43, 0.42, 64.49, 78.03, 276.08, 
10, FaguGran, eco1, 3531, 0.93, 1, 0.66, 0.63, 36.89, 80.52, 277.44, 
10, FaguGran, eco2, 6839, 1, 1, 0.61, 0.61, 43.95, 72.47, 282.35, 
10, FaguGran, eco3, 9002, 0.99, 1, 0.43, 0.43, 79.15, 71.79, 279.31, 
10, FaguGran, eco4, 7825, 0.99, 1, 0.57, 0.57, 54.73, 71.45, 281.46, 
10, FaguGran, eco5, 10886, 0.87, 1, 0.41, 0.37, 85.18, 61.58, 288.83, 
10, FaguGran, eco6, 3427, 1, 1, 0.34, 0.34, 83.02, 74.83, 276.1, 
10, FaguGran, eco8, 9151, 0.94, 1, 0.5, 0.48, 55.68, 78.95, 277.27, 
10, FaguGran, eco9, 4714, 0.91, 1, 0.62, 0.57, 44.67, 80.82, 276.53, 
10, FaguGran, eco10, 8986, 0.93, 1, 0.49, 0.46, 73.35, 65.35, 285.3, 
10, FaguGran, eco11, 7323, 0.96, 1, 0.43, 0.43, 64.23, 78.05, 276.03, 
10, JuglNigr, eco1, 641, 0.87, 1, 0.64, 0.58, 39.49, 79.87, 277.29, 
10, JuglNigr, eco2, 1078, 0.99, 1, 0.62, 0.62, 43.46, 72.44, 282.61, 
10, JuglNigr, eco3, 1939, 0.99, 1, 0.43, 0.43, 81.22, 71.77, 279.33, 
10, JuglNigr, eco4, 1489, 0.98, 1, 0.57, 0.56, 57.66, 71.42, 281.59, 
10, JuglNigr, eco5, 2485, 0.74, 1, 0.41, 0.33, 87.37, 61.35, 289.03, 
10, JuglNigr, eco6, 1346, 1, 1, 0.37, 0.37, 78.22, 74.91, 275.73, 
10, JuglNigr, eco8, 1677, 0.88, 1, 0.48, 0.45, 58.67, 79.01, 277.38, 
10, JuglNigr, eco9, 789, 0.83, 1, 0.64, 0.55, 43.78, 80.77, 276.39, 
10, JuglNigr, eco10, 1767, 0.85, 1, 0.48, 0.41, 76.44, 65.33, 285.41, 
10, JuglNigr, eco11, 1519, 0.93, 1, 0.43, 0.41, 65.58, 78.01, 276.13, 
10, HaleDipt, eco1, 3592, 0.56, 1, 0.66, 0.4, 37.48, 80.52, 277.54, 
10, HaleDipt, eco2, 6867, 0.8, 1, 0.62, 0.55, 44.04, 72.43, 282.36, 
10, HaleDipt, eco3, 8874, 0.82, 1, 0.45, 0.39, 78.26, 71.78, 279.3, 
10, HaleDipt, eco4, 7985, 0.84, 1, 0.58, 0.52, 55.11, 71.47, 281.46, 
10, HaleDipt, eco5, 10954, 0.96, 1, 0.42, 0.41, 85.93, 61.57, 288.77, 
10, HaleDipt, eco6, 3491, 0.77, 1, 0.34, 0.3, 82.66, 74.79, 276.33, 
10, HaleDipt, eco8, 9041, 0.58, 0.08, 0.5, 0.02, 56.43, 78.94, 277.22, 
10, HaleDipt, eco9, 4712, 0.53, 0.08, 0.62, 0.02, 44.37, 80.84, 276.41, 
10, HaleDipt, eco10, 8994, 0.93, 1, 0.49, 0.46, 73.71, 65.36, 285.4, 
10, HaleDipt, eco11, 7454, 0.63, 0.09, 0.44, 0.02, 65.2, 78.01, 276.06, 
10, IlexOpac, eco1, 3551, 0.56, 1, 0.66, 0.4, 37.7, 80.52, 277.42, 
10, IlexOpac, eco2, 6793, 0.8, 1, 0.63, 0.55, 43.23, 72.43, 282.36, 
10, IlexOpac, eco3, 8935, 0.82, 1, 0.45, 0.39, 78.16, 71.82, 279.24, 
10, IlexOpac, eco4, 8087, 0.84, 1, 0.58, 0.52, 55.86, 71.42, 281.49, 
10, IlexOpac, eco5, 10931, 0.96, 1, 0.42, 0.41, 86.48, 61.57, 288.8, 
10, IlexOpac, eco6, 3602, 0.77, 1, 0.35, 0.3, 82.7, 74.79, 276.29, 
10, IlexOpac, eco8, 8997, 0.58, 0.09, 0.51, 0.02, 55.96, 78.93, 277.21, 
10, IlexOpac, eco9, 4765, 0.53, 0.09, 0.63, 0.02, 43.6, 80.85, 276.44, 
10, IlexOpac, eco10, 9053, 0.92, 1, 0.49, 0.46, 74.58, 65.32, 285.45, 
10, IlexOpac, eco11, 7531, 0.63, 0.09, 0.44, 0.02, 65.96, 78.06, 276.1, 
10, LiriTuli, eco1, 1307, 0.45, 1, 0.67, 0.32, 36.69, 80.23, 277.45, 
10, LiriTuli, eco2, 2265, 0.8, 1, 0.61, 0.54, 44.75, 72.44, 282.46, 
10, LiriTuli, eco3, 3462, 0.82, 1, 0.45, 0.39, 78.1, 71.82, 279.25, 
10, LiriTuli, eco4, 2767, 0.84, 1, 0.59, 0.53, 53.9, 71.31, 281.61, 
10, LiriTuli, eco5, 4369, 0.98, 1, 0.43, 0.42, 85.09, 61.64, 288.74, 
10, LiriTuli, eco6, 1937, 0.76, 1, 0.35, 0.3, 81.53, 74.86, 275.98, 
10, LiriTuli, eco8, 3292, 0.47, 1, 0.51, 0.27, 55.24, 78.95, 277.31, 
10, LiriTuli, eco9, 1643, 0.39, 1, 0.64, 0.26, 41.45, 80.81, 276.56, 
10, LiriTuli, eco10, 3357, 0.95, 1, 0.48, 0.46, 75.43, 65.4, 285.42, 
10, LiriTuli, eco11, 2906, 0.55, 1, 0.43, 0.27, 66.01, 78, 276.04, 
10, LiquStyr, eco1, 1233, 0, 0.04, 0.66, 0, 37.87, 80.24, 277.51, 
10, LiquStyr, eco2, 2295, 0.36, 1, 0.64, 0.27, 41.6, 72.4, 282.37, 
10, LiquStyr, eco3, 3480, 0.41, 1, 0.44, 0.21, 79.74, 71.82, 279.29, 
10, LiquStyr, eco4, 2842, 0.46, 1, 0.57, 0.29, 56.89, 71.44, 281.6, 
10, LiquStyr, eco5, 4348, 0.82, 1, 0.43, 0.37, 84.62, 61.53, 288.84, 
10, LiquStyr, eco6, 1936, 0.28, 0.07, 0.38, 0, 78.09, 74.8, 276.2, 
10, LiquStyr, eco8, 3323, 0, 0.04, 0.49, 0, 57.49, 78.96, 277.17, 
10, LiquStyr, eco9, 1737, 0, 0.04, 0.62, 0, 44.02, 80.87, 276.59, 
10, LiquStyr, eco10, 3363, 0.72, 1, 0.47, 0.35, 77.58, 65.18, 285.69, 
10, LiquStyr, eco11, 2829, 0, 0.03, 0.44, 0, 64.91, 78.01, 275.95, 
10, MagnAcum, eco1, 2289, 0.82, 1, 0.58, 0.5, 40.11, 80.35, 277.76, 
10, MagnAcum, eco2, 4271, 0.99, 1, 0.52, 0.52, 43.94, 72.41, 282.53, 
10, MagnAcum, eco3, 6149, 1, 1, 0.36, 0.36, 80.99, 71.78, 279.25, 
10, MagnAcum, eco4, 5230, 1, 1, 0.49, 0.49, 57.07, 71.44, 281.52, 
10, MagnAcum, eco5, 8011, 0.9, 1, 0.36, 0.33, 84.34, 61.57, 288.83, 
10, MagnAcum, eco6, 2900, 0.98, 1, 0.26, 0.26, 84.72, 74.81, 276.23, 
10, MagnAcum, eco8, 5927, 0.84, 0.09, 0.42, 0.02, 56.02, 78.96, 277.37, 
10, MagnAcum, eco9, 2962, 0.79, 0.09, 0.57, 0.03, 44.52, 80.83, 276.48, 
10, MagnAcum, eco10, 6326, 0.95, 1, 0.45, 0.43, 76.26, 65.23, 285.54, 
10, MagnAcum, eco11, 5075, 0.89, 0.08, 0.33, 0.01, 67.69, 78.03, 275.92, 
10, MagnMacr, eco1, 2346, 0.69, 1, 0.58, 0.43, 39.25, 80.41, 277.6, 
10, MagnMacr, eco2, 4369, 0.91, 1, 0.53, 0.51, 43.05, 72.34, 282.4, 
10, MagnMacr, eco3, 6162, 0.93, 1, 0.35, 0.34, 80.95, 71.81, 279.26, 
10, MagnMacr, eco4, 5221, 0.94, 1, 0.5, 0.48, 55.01, 71.44, 281.61, 
10, MagnMacr, eco5, 7892, 1, 1, 0.36, 0.36, 85, 61.52, 288.97, 
10, MagnMacr, eco6, 2928, 0.89, 1, 0.28, 0.26, 79.44, 74.79, 276, 
10, MagnMacr, eco8, 5991, 0.7, 0.09, 0.42, 0.02, 56.62, 78.94, 277.27, 
10, MagnMacr, eco9, 2908, 0.65, 0.1, 0.57, 0.02, 44.07, 80.78, 276.54, 
10, MagnMacr, eco10, 6257, 0.99, 1, 0.44, 0.44, 76.99, 65.32, 285.44, 
10, MagnMacr, eco11, 5225, 0.76, 0.08, 0.35, 0.01, 65.59, 78.02, 276, 
10, NyssSylv, eco1, 3464, 0.56, 1, 0.65, 0.39, 38.4, 80.5, 277.45, 
10, NyssSylv, eco2, 6873, 0.8, 1, 0.62, 0.55, 43.81, 72.38, 282.37, 
10, NyssSylv, eco3, 8866, 0.82, 1, 0.45, 0.39, 77.95, 71.79, 279.33, 
10, NyssSylv, eco4, 7924, 0.84, 1, 0.58, 0.52, 55.56, 71.46, 281.51, 
10, NyssSylv, eco5, 11025, 0.96, 1, 0.42, 0.41, 86.15, 61.54, 288.82, 
10, NyssSylv, eco6, 3464, 0.77, 1, 0.35, 0.3, 82.65, 74.8, 276.18, 
10, NyssSylv, eco8, 8892, 0.58, 0.09, 0.51, 0.02, 55.53, 78.97, 277.25, 
10, NyssSylv, eco9, 4609, 0.53, 0.09, 0.62, 0.02, 44.45, 80.81, 276.39, 
10, NyssSylv, eco10, 9083, 0.93, 1, 0.5, 0.47, 72.95, 65.33, 285.37, 
10, NyssSylv, eco11, 7394, 0.63, 0.09, 0.45, 0.02, 64.54, 78.03, 276.06, 
10, OxydArbo, eco1, 3593, 0.68, 1, 0.67, 0.48, 36.85, 80.57, 277.46, 
10, OxydArbo, eco2, 6847, 0.97, 1, 0.61, 0.61, 44.63, 72.46, 282.36, 
10, OxydArbo, eco3, 8812, 0.98, 1, 0.45, 0.45, 77.46, 71.75, 279.28, 
10, OxydArbo, eco4, 8041, 0.98, 1, 0.58, 0.58, 55.71, 71.42, 281.39, 
10, OxydArbo, eco5, 10912, 0.94, 1, 0.41, 0.4, 87.07, 61.54, 288.8, 
10, OxydArbo, eco6, 3477, 0.94, 1, 0.35, 0.34, 82.61, 74.83, 276.2, 
10, OxydArbo, eco8, 9024, 0.7, 0.09, 0.5, 0.02, 56.19, 78.96, 277.23, 
10, OxydArbo, eco9, 4719, 0.62, 0.09, 0.63, 0.03, 43.08, 80.85, 276.54, 
10, OxydArbo, eco10, 9307, 0.98, 1, 0.49, 0.48, 73.7, 65.38, 285.34, 
10, OxydArbo, eco11, 7238, 0.78, 0.08, 0.44, 0.02, 64.85, 78.02, 276.02, 
10, PrunSero, eco1, 1326, 0.8, 1, 0.65, 0.55, 38.79, 80.2, 277.47, 
10, PrunSero, eco2, 2311, 0.96, 1, 0.63, 0.62, 43.36, 72.52, 282.33, 
10, PrunSero, eco3, 3373, 0.97, 1, 0.44, 0.43, 79.5, 71.72, 279.21, 
10, PrunSero, eco4, 2851, 0.97, 1, 0.58, 0.58, 54.49, 71.48, 281.47, 
10, PrunSero, eco5, 4387, 0.99, 1, 0.42, 0.42, 84.42, 61.46, 288.93, 
10, PrunSero, eco6, 1919, 0.94, 1, 0.35, 0.35, 80.55, 74.83, 276.09, 
10, PrunSero, eco8, 3215, 0.81, 1, 0.5, 0.43, 57.03, 78.9, 277.2, 
10, PrunSero, eco9, 1565, 0.77, 1, 0.63, 0.5, 43.53, 80.84, 276.51, 
10, PrunSero, eco10, 3314, 1, 1, 0.48, 0.48, 76.26, 65.29, 285.55, 
10, PrunSero, eco11, 2871, 0.85, 1, 0.43, 0.4, 65.71, 78.01, 276.02, 
10, PrunPenn, eco1, 668, 0.68, 1, 0.56, 0.41, 41.99, 79.75, 277.41, 
10, PrunPenn, eco2, 1100, 0.1, 1, 0.51, 0.06, 43.94, 72.45, 282.64, 
10, PrunPenn, eco3, 1902, 0.03, 1, 0.36, 0.01, 80.24, 71.77, 279.32, 
10, PrunPenn, eco4, 1401, 0.03, 1, 0.48, 0.01, 58.29, 71.4, 281.7, 
10, PrunPenn, eco5, 2406, 0, 1, 0.35, 0, 84.32, 61.32, 289.22, 
10, PrunPenn, eco6, 1342, 0.21, 1, 0.27, 0.06, 79.62, 74.9, 275.88, 
10, PrunPenn, eco8, 1663, 0.66, 1, 0.42, 0.29, 56.39, 78.94, 277.31, 
10, PrunPenn, eco9, 822, 0.74, 1, 0.56, 0.42, 46.88, 80.9, 276.47, 
10, PrunPenn, eco10, 1801, 0, 1, 0.47, 0, 71.74, 65.21, 285.7, 
10, PrunPenn, eco11, 1578, 0.57, 1, 0.33, 0.21, 67.05, 78.01, 275.91, 
10, PlanOcid, eco1, 1270, 0.72, 1, 0.57, 0.44, 37.81, 80.21, 277.32, 
10, PlanOcid, eco2, 2337, 0.95, 1, 0.47, 0.46, 44.05, 72.35, 282.58, 
10, PlanOcid, eco3, 3375, 0.96, 1, 0.35, 0.34, 79.2, 71.74, 279.44, 
10, PlanOcid, eco4, 2812, 0.97, 1, 0.45, 0.44, 56.9, 71.42, 281.68, 
10, PlanOcid, eco5, 4414, 0.99, 1, 0.32, 0.32, 85.35, 61.54, 288.94, 
10, PlanOcid, eco6, 1914, 0.93, 1, 0.26, 0.25, 79.52, 74.81, 276, 
10, PlanOcid, eco8, 3189, 0.74, 1, 0.4, 0.31, 55.06, 78.91, 277.34, 
10, PlanOcid, eco9, 1616, 0.68, 1, 0.54, 0.38, 48.87, 80.89, 276.52, 
10, PlanOcid, eco10, 3381, 1, 1, 0.45, 0.45, 72.88, 65.2, 285.63, 
10, PlanOcid, eco11, 2858, 0.79, 1, 0.32, 0.26, 63.84, 78, 275.97, 
10, QuerAlba, eco1, 2356, 0.8, 1, 0.65, 0.55, 39.18, 80.35, 277.53, 
10, QuerAlba, eco2, 4361, 0.97, 1, 0.63, 0.63, 44.37, 72.42, 282.42, 
10, QuerAlba, eco3, 6217, 0.98, 1, 0.45, 0.45, 80.9, 71.79, 279.22, 
10, QuerAlba, eco4, 5280, 0.99, 1, 0.58, 0.57, 57.77, 71.39, 281.57, 
10, QuerAlba, eco5, 7850, 0.98, 1, 0.45, 0.44, 84.33, 61.56, 288.86, 
10, QuerAlba, eco6, 2994, 0.96, 1, 0.37, 0.36, 80.57, 74.79, 276.17, 
10, QuerAlba, eco8, 6113, 0.81, 1, 0.52, 0.45, 55.88, 78.95, 277.33, 
10, QuerAlba, eco9, 2909, 0.76, 1, 0.63, 0.49, 44.75, 80.84, 276.58, 
10, QuerAlba, eco10, 6387, 0.99, 1, 0.5, 0.49, 73.75, 65.28, 285.58, 
10, QuerAlba, eco11, 5252, 0.85, 1, 0.45, 0.41, 65.6, 78, 275.94, 
10, QuerCocc, eco1, 1246, 0.85, 1, 0.65, 0.58, 38.13, 80.31, 277.27, 
10, QuerCocc, eco2, 2289, 0.99, 1, 0.63, 0.63, 42.78, 72.33, 282.39, 
10, QuerCocc, eco3, 3504, 0.99, 1, 0.42, 0.42, 81.37, 71.82, 279.32, 
10, QuerCocc, eco4, 2856, 0.98, 1, 0.57, 0.57, 55.66, 71.58, 281.37, 
10, QuerCocc, eco5, 4365, 0.76, 1, 0.41, 0.33, 85.44, 61.43, 289.02, 
10, QuerCocc, eco6, 1836, 1, 1, 0.35, 0.35, 80.12, 74.78, 275.97, 
10, QuerCocc, eco8, 3411, 0.86, 1, 0.49, 0.44, 56.89, 78.96, 277.25, 
10, QuerCocc, eco9, 1620, 0.8, 1, 0.61, 0.51, 44.82, 80.86, 276.5, 
10, QuerCocc, eco10, 3280, 0.86, 1, 0.48, 0.42, 74.91, 65.27, 285.53, 
10, QuerCocc, eco11, 2793, 0.91, 1, 0.41, 0.39, 67.77, 78, 276, 
10, QuerFalc, eco1, 2296, 0.14, 0.02, 0.68, 0, 38.62, 80.45, 277.65, 
10, QuerFalc, eco2, 4276, 0.63, 0.04, 0.69, 0.01, 44.25, 72.46, 282.35, 
10, QuerFalc, eco3, 6157, 0.67, 0.01, 0.49, 0, 80.46, 71.81, 279.37, 
10, QuerFalc, eco4, 5304, 0.7, 0.04, 0.62, 0.01, 56.22, 71.43, 281.54, 
10, QuerFalc, eco5, 8044, 0.94, 0.02, 0.47, 0.01, 85.5, 61.59, 288.83, 
10, QuerFalc, eco6, 2862, 0.57, 0.01, 0.4, 0, 80.88, 74.84, 276.12, 
10, QuerFalc, eco8, 6080, 0.17, 0.01, 0.55, 0, 57.35, 78.95, 277.34, 
10, QuerFalc, eco9, 2962, 0.07, 0.02, 0.66, 0, 44.08, 80.8, 276.48, 
10, QuerFalc, eco10, 6374, 0.88, 0.03, 0.51, 0.01, 74.16, 65.26, 285.49, 
10, QuerFalc, eco11, 5143, 0.27, 0.02, 0.5, 0, 66.33, 78.04, 276, 
10, QuerRubr, eco1, 2354, 1, 1, 0.64, 0.64, 37.36, 80.46, 277.52, 
10, QuerRubr, eco2, 4256, 0.92, 1, 0.58, 0.56, 43.32, 72.43, 282.4, 
10, QuerRubr, eco3, 6197, 0.9, 1, 0.4, 0.38, 78.85, 71.71, 279.42, 
10, QuerRubr, eco4, 5131, 0.88, 1, 0.54, 0.5, 56, 71.46, 281.53, 
10, QuerRubr, eco5, 7946, 0.61, 1, 0.38, 0.25, 86.08, 61.54, 288.88, 
10, QuerRubr, eco6, 3022, 0.95, 1, 0.3, 0.29, 82.87, 74.78, 276.39, 
10, QuerRubr, eco8, 5998, 1, 1, 0.47, 0.47, 55.58, 78.92, 277.27, 
10, QuerRubr, eco9, 3030, 0.99, 1, 0.61, 0.6, 43.14, 80.87, 276.45, 
10, QuerRubr, eco10, 6368, 0.72, 1, 0.48, 0.36, 73.78, 65.3, 285.47, 
10, QuerRubr, eco11, 5072, 1, 1, 0.39, 0.38, 66.82, 77.99, 275.96, 
10, QuerPrin, eco1, 2307, 0.81, 1, 0.63, 0.54, 38.94, 80.41, 277.56, 
10, QuerPrin, eco2, 4420, 0.95, 1, 0.58, 0.57, 45.19, 72.38, 282.41, 
10, QuerPrin, eco3, 6174, 0.95, 1, 0.39, 0.38, 81.17, 71.79, 279.3, 
10, QuerPrin, eco4, 5294, 0.96, 1, 0.54, 0.53, 55.64, 71.51, 281.55, 
10, QuerPrin, eco5, 7920, 1, 1, 0.38, 0.38, 85.85, 61.54, 288.79, 
10, QuerPrin, eco6, 2859, 0.93, 1, 0.3, 0.3, 82.64, 74.78, 276.08, 
10, QuerPrin, eco8, 5953, 0.82, 1, 0.46, 0.4, 56.51, 78.96, 277.33, 
10, QuerPrin, eco9, 2971, 0.79, 1, 0.59, 0.47, 45.93, 80.81, 276.47, 
10, QuerPrin, eco10, 6326, 0.99, 1, 0.47, 0.47, 75.54, 65.27, 285.52, 
10, QuerPrin, eco11, 5186, 0.85, 1, 0.4, 0.36, 65.77, 78.06, 276.1, 
10, QuerVelu, eco1, 1271, 0.83, 1, 0.66, 0.57, 38.22, 80.36, 277.46, 
10, QuerVelu, eco2, 2372, 0.99, 1, 0.63, 0.63, 42.69, 72.52, 282.4, 
10, QuerVelu, eco3, 3444, 1, 1, 0.43, 0.43, 81.02, 71.83, 279.38, 
10, QuerVelu, eco4, 2819, 1, 1, 0.57, 0.57, 57.04, 71.34, 281.57, 
10, QuerVelu, eco5, 4398, 0.92, 1, 0.43, 0.4, 84.59, 61.55, 288.87, 
10, QuerVelu, eco6, 1867, 0.98, 1, 0.36, 0.35, 81.47, 74.83, 275.94, 
10, QuerVelu, eco8, 3253, 0.84, 1, 0.51, 0.45, 55.24, 78.97, 277.29, 
10, QuerVelu, eco9, 1608, 0.79, 1, 0.62, 0.51, 43.9, 80.81, 276.42, 
10, QuerVelu, eco10, 3401, 0.96, 1, 0.48, 0.47, 75.25, 65.19, 285.52, 
10, QuerVelu, eco11, 2823, 0.89, 1, 0.44, 0.41, 64.89, 78, 275.98, 
10, QuerStel, eco1, 1312, 0.14, 1, 0.64, 0.1, 39.3, 80.25, 277.49, 
10, QuerStel, eco2, 2283, 0.63, 1, 0.61, 0.43, 44.83, 72.41, 282.49, 
10, QuerStel, eco3, 3337, 0.67, 1, 0.44, 0.32, 80.17, 71.81, 279.18, 
10, QuerStel, eco4, 2812, 0.7, 1, 0.57, 0.44, 56.18, 71.53, 281.41, 
10, QuerStel, eco5, 4390, 0.94, 1, 0.42, 0.4, 86.52, 61.57, 288.74, 
10, QuerStel, eco6, 1878, 0.57, 1, 0.34, 0.23, 82.55, 74.83, 276.05, 
10, QuerStel, eco8, 3236, 0.17, 1, 0.5, 0.1, 56.76, 79, 277.44, 
10, QuerStel, eco9, 1537, 0.07, 1, 0.63, 0.05, 43.62, 80.76, 276.35, 
10, QuerStel, eco10, 3393, 0.88, 1, 0.49, 0.44, 74.19, 65.21, 285.69, 
10, QuerStel, eco11, 2823, 0.27, 1, 0.44, 0.15, 64.42, 77.98, 276.04, 
10, RobiPseu, eco1, 663, 0.82, 1, 0.62, 0.54, 41.18, 79.75, 277.5, 
10, RobiPseu, eco2, 1142, 0.99, 1, 0.63, 0.63, 42.18, 72.53, 282.41, 
10, RobiPseu, eco3, 1892, 1, 1, 0.43, 0.43, 81.83, 71.81, 279.18, 
10, RobiPseu, eco4, 1459, 0.99, 1, 0.57, 0.57, 56.06, 71.27, 282.1, 
10, RobiPseu, eco5, 2420, 0.88, 1, 0.43, 0.39, 85, 61.42, 289.03, 
10, RobiPseu, eco6, 1289, 0.99, 1, 0.36, 0.36, 79.12, 74.9, 275.98, 
10, RobiPseu, eco8, 1649, 0.83, 0.08, 0.51, 0.03, 54.86, 79.04, 277.33, 
10, RobiPseu, eco9, 825, 0.77, 0.1, 0.61, 0.04, 46.17, 80.68, 276.69, 
10, RobiPseu, eco10, 1834, 0.94, 1, 0.47, 0.45, 76.64, 65.21, 285.59, 
10, RobiPseu, eco11, 1531, 0.88, 0.08, 0.42, 0.02, 66.49, 78.03, 275.97, 
10, SassAlid, eco1, 1232, 0.61, 1, 0.63, 0.41, 40.86, 80.04, 277.68, 
10, SassAlid, eco2, 2275, 0.85, 1, 0.63, 0.58, 42.23, 72.43, 282.49, 
10, SassAlid, eco3, 3510, 0.87, 1, 0.44, 0.4, 80.13, 71.8, 279.35, 
10, SassAlid, eco4, 2721, 0.88, 1, 0.59, 0.54, 55.17, 71.36, 281.57, 
10, SassAlid, eco5, 4407, 0.98, 1, 0.43, 0.43, 84.9, 61.49, 288.93, 
10, SassAlid, eco6, 1873, 0.82, 1, 0.36, 0.33, 79.96, 74.79, 275.94, 
10, SassAlid, eco8, 3283, 0.62, 0.08, 0.51, 0.02, 55.09, 78.91, 277.22, 
10, SassAlid, eco9, 1667, 0.57, 0.09, 0.62, 0.03, 44.96, 80.79, 276.36, 
10, SassAlid, eco10, 3375, 0.96, 1, 0.48, 0.47, 75.76, 65.28, 285.49, 
10, SassAlid, eco11, 2767, 0.68, 0.08, 0.44, 0.02, 64.92, 77.99, 276.01, 
10, TiliAmer, eco1, 3699, 0.92, 1, 0.65, 0.61, 34.36, 80.54, 277.41, 
10, TiliAmer, eco2, 7494, 1, 1, 0.57, 0.57, 42.9, 72.54, 282.23, 
10, TiliAmer, eco3, 8743, 0.99, 1, 0.4, 0.4, 76.61, 71.85, 279.23, 
10, TiliAmer, eco4, 8598, 0.99, 1, 0.53, 0.53, 54.69, 71.57, 281.29, 
10, TiliAmer, eco5, 9899, 0.85, 1, 0.36, 0.31, 87.45, 61.55, 288.86, 
10, TiliAmer, eco6, 2944, 1, 1, 0.28, 0.28, 82.73, 74.85, 276.21, 
10, TiliAmer, eco8, 9570, 0.93, 1, 0.46, 0.43, 55.21, 79, 277.2, 
10, TiliAmer, eco9, 5120, 0.89, 1, 0.58, 0.53, 45.22, 80.86, 276.39, 
10, TiliAmer, eco10, 8798, 0.91, 1, 0.48, 0.44, 72.27, 65.43, 285.23, 
10, TiliAmer, eco11, 7561, 0.96, 1, 0.4, 0.39, 64.14, 77.98, 275.97, 
10, TiliAmhe, eco1, 3667, 0.66, 1, 0.67, 0.47, 31.68, 80.57, 277.49, 
10, TiliAmhe, eco2, 7709, 0.96, 1, 0.56, 0.56, 43.49, 72.49, 282.24, 
10, TiliAmhe, eco3, 8641, 0.97, 1, 0.4, 0.4, 77.35, 71.78, 279.17, 
10, TiliAmhe, eco4, 8485, 0.98, 1, 0.53, 0.53, 53.94, 71.52, 281.37, 
10, TiliAmhe, eco5, 9974, 0.95, 1, 0.35, 0.34, 88.17, 61.58, 288.8, 
10, TiliAmhe, eco6, 2997, 0.93, 1, 0.26, 0.25, 86.18, 74.79, 276.27, 
10, TiliAmhe, eco8, 9453, 0.68, 1, 0.45, 0.33, 55.96, 78.94, 277.19, 
10, TiliAmhe, eco9, 5120, 0.6, 1, 0.58, 0.36, 45.4, 80.86, 276.39, 
10, TiliAmhe, eco10, 8916, 0.99, 1, 0.48, 0.47, 71.91, 65.43, 285.23, 
10, TiliAmhe, eco11, 7429, 0.76, 1, 0.39, 0.32, 65.01, 78.03, 276.06, 
10, TsugCana, eco1, 3617, 0.97, 1, 0.64, 0.63, 34.12, 80.59, 277.47, 
10, TsugCana, eco2, 7508, 0.62, 1, 0.55, 0.39, 43.44, 72.52, 282.13, 
10, TsugCana, eco3, 8562, 0.57, 1, 0.39, 0.24, 77.52, 71.77, 279.26, 
10, TsugCana, eco4, 8564, 0.51, 1, 0.52, 0.29, 53.86, 71.58, 281.34, 
10, TsugCana, eco5, 9939, 0.01, 1, 0.35, 0, 88.06, 61.56, 288.84, 
10, TsugCana, eco6, 2884, 0.7, 1, 0.27, 0.21, 84.15, 74.8, 276.07, 
10, TsugCana, eco8, 9507, 0.96, 1, 0.45, 0.43, 55.28, 78.96, 277.25, 
10, TsugCana, eco9, 5161, 0.98, 1, 0.59, 0.58, 42.2, 80.85, 276.29, 
10, TsugCana, eco10, 8881, 0.07, 1, 0.47, 0.04, 72.02, 65.42, 285.15, 
10, TsugCana, eco11, 7418, 0.92, 1, 0.38, 0.35, 64.52, 78.04, 276.02, 
10, PinuVirg, eco1, 680, 0.86, 1, 0.64, 0.57, 38.89, 79.76, 277.47, 
10, PinuVirg, eco2, 1154, 0.99, 1, 0.59, 0.59, 46.91, 72.37, 282.52, 
10, PinuVirg, eco3, 1883, 0.99, 1, 0.43, 0.43, 79.86, 71.85, 279.14, 
10, PinuVirg, eco4, 1459, 0.98, 1, 0.56, 0.56, 57.25, 71.4, 281.59, 
10, PinuVirg, eco5, 2350, 0.78, 1, 0.41, 0.34, 84.93, 61.5, 288.94, 
10, PinuVirg, eco6, 1306, 1, 1, 0.35, 0.35, 81.37, 74.85, 275.96, 
10, PinuVirg, eco8, 1648, 0.87, 1, 0.5, 0.45, 56.51, 78.98, 277.27, 
10, PinuVirg, eco9, 785, 0.82, 1, 0.59, 0.5, 48.01, 80.72, 276.4, 
10, PinuVirg, eco10, 1835, 0.87, 1, 0.48, 0.42, 75.92, 65.41, 285.35, 
10, PinuVirg, eco11, 1484, 0.92, 1, 0.42, 0.41, 65.9, 78.04, 276.09, 
10, PinuTaed, eco1, 690, 0, 0.01, 0.64, 0, 41.54, 79.77, 277.77, 
10, PinuTaed, eco2, 1162, 0.45, 0.02, 0.66, 0, 43.41, 72.37, 282.5, 
10, PinuTaed, eco3, 1890, 0.5, 0.01, 0.46, 0, 80.42, 71.76, 279.07, 
10, PinuTaed, eco4, 1428, 0.54, 0.02, 0.6, 0, 56.82, 71.48, 281.57, 
10, PinuTaed, eco5, 2448, 0.87, 0.01, 0.45, 0, 84.29, 61.47, 288.96, 
10, PinuTaed, eco6, 1308, 0.37, 0.01, 0.37, 0, 80.44, 74.95, 275.85, 
10, PinuTaed, eco8, 1653, 0, 0, 0.53, 0, 57.09, 78.96, 277.17, 
10, PinuTaed, eco9, 796, 0, 0, 0.64, 0, 45.01, 80.87, 276.6, 
10, PinuTaed, eco10, 1865, 0.78, 0.01, 0.49, 0, 74.98, 65.17, 285.77, 
10, PinuTaed, eco11, 1562, 0.01, 0.01, 0.47, 0, 66.19, 77.97, 275.96, 
10, PinuStro, eco1, 2437, 1, 1, 0.6, 0.6, 41.31, 80.49, 277.5, 
10, PinuStro, eco2, 4248, 0.8, 1, 0.57, 0.5, 44.18, 72.35, 282.52, 
10, PinuStro, eco3, 6241, 0.76, 1, 0.4, 0.33, 79.69, 71.75, 279.33, 
10, PinuStro, eco4, 5176, 0.72, 1, 0.54, 0.42, 55.62, 71.33, 281.7, 
10, PinuStro, eco5, 7948, 0.19, 1, 0.39, 0.09, 85.82, 61.54, 288.86, 
10, PinuStro, eco6, 3015, 0.85, 1, 0.31, 0.29, 80.47, 74.83, 276.23, 
10, PinuStro, eco8, 5984, 0.99, 1, 0.47, 0.46, 55.87, 78.98, 277.3, 
10, PinuStro, eco9, 2974, 1, 1, 0.6, 0.6, 43.87, 80.79, 276.53, 
10, PinuStro, eco10, 6364, 0.4, 1, 0.47, 0.19, 76.27, 65.34, 285.48, 
10, PinuStro, eco11, 5339, 0.98, 1, 0.41, 0.4, 64.2, 78.04, 275.99, 
10, PinuRigi, eco1, 699, 0.99, 1, 0.63, 0.62, 41.11, 79.85, 277.34, 
10, PinuRigi, eco2, 1113, 0.66, 1, 0.62, 0.45, 44.19, 72.46, 282.49, 
10, PinuRigi, eco3, 1925, 0.59, 1, 0.44, 0.29, 80.76, 71.77, 279.17, 
10, PinuRigi, eco4, 1359, 0.51, 1, 0.57, 0.32, 57.13, 71.49, 281.44, 
10, PinuRigi, eco5, 2388, 0.01, 1, 0.44, 0.01, 82.81, 61.55, 288.96, 
10, PinuRigi, eco6, 1319, 0.76, 1, 0.36, 0.3, 79.91, 74.85, 275.82, 
10, PinuRigi, eco8, 1687, 0.99, 1, 0.51, 0.5, 56.14, 78.97, 277.41, 
10, PinuRigi, eco9, 779, 0.97, 1, 0.59, 0.58, 49.14, 80.89, 276.57, 
10, PinuRigi, eco10, 1808, 0.04, 1, 0.48, 0.02, 75.86, 65.24, 285.51, 
10, PinuRigi, eco11, 1546, 0.98, 1, 0.42, 0.42, 67.65, 78.03, 276.09, 
10, PinuPung, eco1, 1279, 0.97, 1, 0.66, 0.65, 37.54, 80.19, 277.44, 
10, PinuPung, eco2, 2370, 0.32, 1, 0.63, 0.23, 43.18, 72.36, 282.52, 
10, PinuPung, eco3, 3483, 0.21, 1, 0.45, 0.1, 80.36, 71.71, 279.22, 
10, PinuPung, eco4, 2835, 0.09, 1, 0.58, 0.05, 56.2, 71.37, 281.58, 
10, PinuPung, eco5, 4366, 0, 1, 0.43, 0, 85.03, 61.55, 288.86, 
10, PinuPung, eco6, 1962, 0.48, 1, 0.37, 0.2, 79.83, 74.82, 276.13, 
10, PinuPung, eco8, 3315, 0.96, 1, 0.5, 0.49, 56.54, 78.95, 277.18, 
10, PinuPung, eco9, 1573, 0.99, 1, 0.62, 0.61, 45.98, 80.87, 276.58, 
10, PinuPung, eco10, 3396, 0.01, 1, 0.48, 0, 75.46, 65.3, 285.42, 
10, PinuPung, eco11, 2889, 0.9, 1, 0.43, 0.4, 66.72, 78.08, 276.02, 
10, FrasFirr, eco1, 3708, 0.18, 1, 0.48, 0.07, 33.77, 80.54, 277.43, 
10, FrasFirr, eco2, 7632, 0, 1, 0.23, 0, 42.78, 72.48, 282.21, 
10, FrasFirr, eco3, 8736, 0, 1, 0.27, 0, 76.95, 71.79, 279.27, 
10, FrasFirr, eco4, 8420, 0, 1, 0.34, 0, 54.08, 71.51, 281.33, 
10, FrasFirr, eco5, 9963, 0, 1, 0.3, 0, 87.63, 61.57, 288.8, 
10, FrasFirr, eco6, 3023, 0, 1, 0.12, 0, 82.79, 74.86, 276.18, 
10, FrasFirr, eco8, 9506, 0.07, 1, 0.36, 0.01, 55.95, 78.97, 277.14, 
10, FrasFirr, eco9, 5119, 0.47, 1, 0.51, 0.23, 43.92, 80.83, 276.31, 
10, FrasFirr, eco10, 8825, 0, 1, 0.4, 0, 71.06, 65.39, 285.17, 
10, FrasFirr, eco11, 7527, 0.06, 1, 0.27, 0, 63.98, 78.02, 275.97, 
10, PiceRube, eco1, 3490, 0, 1, 0.66, 0, 38.07, 80.48, 277.4, 
10, PiceRube, eco2, 6740, 0, 1, 0.62, 0, 44.08, 72.4, 282.4, 
10, PiceRube, eco3, 8940, 0, 1, 0.45, 0, 78.79, 71.77, 279.29, 
10, PiceRube, eco4, 8107, 0, 1, 0.59, 0, 54.43, 71.43, 281.49, 
10, PiceRube, eco5, 10758, 0, 1, 0.43, 0, 85.84, 61.52, 288.83, 
10, PiceRube, eco6, 3615, 0, 1, 0.35, 0, 82.3, 74.79, 276.19, 
10, PiceRube, eco8, 8868, 0, 1, 0.52, 0, 55.24, 78.97, 277.25, 
10, PiceRube, eco9, 4660, 0.01, 1, 0.62, 0.01, 44.49, 80.82, 276.35, 
10, PiceRube, eco10, 9078, 0, 1, 0.49, 0, 73.35, 65.35, 285.33, 
10, PiceRube, eco11, 7159, 0, 1, 0.44, 0, 65.5, 78.02, 276.05, 
10, PinuEnch, eco1, 657, 0, 0.03, 0.63, 0, 44.24, 80.01, 277.49, 
10, PinuEnch, eco2, 1154, 0.6, 1, 0.68, 0.46, 41.67, 72.34, 282.62, 
10, PinuEnch, eco3, 1860, 0.65, 1, 0.47, 0.35, 80.22, 71.81, 279.3, 
10, PinuEnch, eco4, 1483, 0.69, 1, 0.61, 0.46, 55.83, 71.28, 281.64, 
10, PinuEnch, eco5, 2479, 0.97, 1, 0.47, 0.46, 83.85, 61.4, 289.03, 
10, PinuEnch, eco6, 1267, 0.52, 0.06, 0.39, 0, 79.88, 74.89, 276, 
10, PinuEnch, eco8, 1692, 0, 0.05, 0.53, 0, 57.82, 78.98, 277.46, 
10, PinuEnch, eco9, 780, 0, 0.04, 0.64, 0, 45.26, 80.8, 276.66, 
10, PinuEnch, eco10, 1759, 0.91, 1, 0.48, 0.45, 78.65, 65.2, 285.65, 
10, PinuEnch, eco11, 1499, 0.11, 0.03, 0.49, 0, 64.97, 78.06, 275.84, 
