"","FRI","mean","ID","Model","rep"
"1",1,42.9334780838648,"Yellowpines","HadGEM",1
"2",2,74.4440030801592,"Yellowpines","HadGEM",1
"3",3,88.6939662477907,"Yellowpines","HadGEM",1
"4",4,NA,"Yellowpines","HadGEM",1
"5",5,88.6448108034,"Yellowpines","HadGEM",1
"6",1,2848.00370470892,"Whiteoaks","HadGEM",1
"7",2,3583.21794944031,"Whiteoaks","HadGEM",1
"8",3,3985.40375535701,"Whiteoaks","HadGEM",1
"9",4,NA,"Whiteoaks","HadGEM",1
"10",5,4121.48657286811,"Whiteoaks","HadGEM",1
"11",1,575.936748541186,"XeriredOaks","HadGEM",1
"12",2,799.040164149951,"XeriredOaks","HadGEM",1
"13",3,928.230466574659,"XeriredOaks","HadGEM",1
"14",4,NA,"XeriredOaks","HadGEM",1
"15",5,1005.4699667535,"XeriredOaks","HadGEM",1
"16",1,28.9896593839056,"XeriHwd","HadGEM",1
"17",2,32.0164149951168,"XeriHwd","HadGEM",1
"18",3,34.5541996561827,"XeriHwd","HadGEM",1
"19",4,NA,"XeriHwd","HadGEM",1
"20",5,37.5746589662736,"XeriHwd","HadGEM",1
"21",1,403.556167729678,"WhitePine","HadGEM",1
"22",2,449.972344301705,"WhitePine","HadGEM",1
"23",3,544.168918428125,"WhitePine","HadGEM",1
"24",4,NA,"WhitePine","HadGEM",1
"25",5,698.765552166164,"WhitePine","HadGEM",1
"26",1,563.588220925499,"Maples","HadGEM",1
"27",2,1150.61883029074,"Maples","HadGEM",1
"28",3,1631.66261107479,"Maples","HadGEM",1
"29",4,NA,"Maples","HadGEM",1
"30",5,1999.13282321086,"Maples","HadGEM",1
"31",1,1782.4478762383,"MesicHard","HadGEM",1
"32",2,2657.18519457591,"MesicHard","HadGEM",1
"33",3,3183.41663640106,"MesicHard","HadGEM",1
"34",4,NA,"MesicHard","HadGEM",1
"35",5,3446.53517445846,"MesicHard","HadGEM",1
"36",1,0.0971366535486497,"Hemlock","HadGEM",1
"37",2,0.36075426339118,"Hemlock","HadGEM",1
"38",3,0.613556572480085,"Hemlock","HadGEM",1
"39",4,NA,"Hemlock","HadGEM",1
"40",5,0.693609473539896,"Hemlock","HadGEM",1
"41",1,49.5205938697318,"Yellowpines","CNRM-CM5",1
"42",2,58.4573736855604,"Yellowpines","CNRM-CM5",1
"43",3,73.6668718528311,"Yellowpines","CNRM-CM5",1
"44",4,NA,"Yellowpines","CNRM-CM5",1
"45",5,91.1103844819876,"Yellowpines","CNRM-CM5",1
"46",1,4507.16810344828,"Whiteoaks","CNRM-CM5",1
"47",2,5463.75473198256,"Whiteoaks","CNRM-CM5",1
"48",3,5753.60051262904,"Whiteoaks","CNRM-CM5",1
"49",4,NA,"Whiteoaks","CNRM-CM5",1
"50",5,5855.53408772758,"Whiteoaks","CNRM-CM5",1
"51",1,1134.61302681992,"XeriredOaks","CNRM-CM5",1
"52",2,1508.3908181585,"XeriredOaks","CNRM-CM5",1
"53",3,1579.3591228796,"XeriredOaks","CNRM-CM5",1
"54",4,NA,"XeriredOaks","CNRM-CM5",1
"55",5,1556.78980732024,"XeriredOaks","CNRM-CM5",1
"56",1,37.6374521072797,"XeriHwd","CNRM-CM5",1
"57",2,40.6549628109772,"XeriHwd","CNRM-CM5",1
"58",3,42.3580229472133,"XeriHwd","CNRM-CM5",1
"59",4,NA,"XeriHwd","CNRM-CM5",1
"60",5,43.3180323347638,"XeriHwd","CNRM-CM5",1
"61",1,542.35775862069,"WhitePine","CNRM-CM5",1
"62",2,580.519235701462,"WhitePine","CNRM-CM5",1
"63",3,613.836735723584,"WhitePine","CNRM-CM5",1
"64",4,NA,"WhitePine","CNRM-CM5",1
"65",5,699.375384962538,"WhitePine","CNRM-CM5",1
"66",1,667.099616858238,"Maples","CNRM-CM5",1
"67",2,1100.03221338805,"Maples","CNRM-CM5",1
"68",3,1320.37019284136,"Maples","CNRM-CM5",1
"69",4,NA,"Maples","CNRM-CM5",1
"70",5,1507.795494528,"Maples","CNRM-CM5",1
"71",1,2624.31130268199,"MesicHard","CNRM-CM5",1
"72",2,3566.11118235445,"MesicHard","CNRM-CM5",1
"73",3,3976.96399487371,"MesicHard","CNRM-CM5",1
"74",4,NA,"MesicHard","CNRM-CM5",1
"75",5,4288.19437212976,"MesicHard","CNRM-CM5",1
"76",1,0,"Hemlock","CNRM-CM5",1
"77",2,0.929443447037702,"Hemlock","CNRM-CM5",1
"78",3,1.10005348295105,"Hemlock","CNRM-CM5",1
"79",4,NA,"Hemlock","CNRM-CM5",1
"80",5,1.59347120250388,"Hemlock","CNRM-CM5",1
"81",1,43.4888257331094,"Yellowpines","IPSL-CM5A-MR",1
"82",2,62.4787102818331,"Yellowpines","IPSL-CM5A-MR",1
"83",3,76.0853137722487,"Yellowpines","IPSL-CM5A-MR",1
"84",4,NA,"Yellowpines","IPSL-CM5A-MR",1
"85",5,98.4742288930201,"Yellowpines","IPSL-CM5A-MR",1
"86",1,3588.03061619946,"Whiteoaks","IPSL-CM5A-MR",1
"87",2,4443.45186977906,"Whiteoaks","IPSL-CM5A-MR",1
"88",3,4929.74666098452,"Whiteoaks","IPSL-CM5A-MR",1
"89",4,NA,"Whiteoaks","IPSL-CM5A-MR",1
"90",5,5227.25540116812,"Whiteoaks","IPSL-CM5A-MR",1
"91",1,756.058777935667,"XeriredOaks","IPSL-CM5A-MR",1
"92",2,1024.90872043095,"XeriredOaks","IPSL-CM5A-MR",1
"93",3,1163.75765956096,"XeriredOaks","IPSL-CM5A-MR",1
"94",4,NA,"XeriredOaks","IPSL-CM5A-MR",1
"95",5,1253.78723070143,"XeriredOaks","IPSL-CM5A-MR",1
"96",1,32.5947551995866,"XeriHwd","IPSL-CM5A-MR",1
"97",2,38.5529081114841,"XeriHwd","IPSL-CM5A-MR",1
"98",3,42.5679454514131,"XeriHwd","IPSL-CM5A-MR",1
"99",4,NA,"XeriHwd","IPSL-CM5A-MR",1
"100",5,45.7781278652152,"XeriHwd","IPSL-CM5A-MR",1
"101",1,524.071437798734,"WhitePine","IPSL-CM5A-MR",1
"102",2,579.575970021079,"WhitePine","IPSL-CM5A-MR",1
"103",3,601.130686300289,"WhitePine","IPSL-CM5A-MR",1
"104",4,NA,"WhitePine","IPSL-CM5A-MR",1
"105",5,714.011777459209,"WhitePine","IPSL-CM5A-MR",1
"106",1,634.048314171296,"Maples","IPSL-CM5A-MR",1
"107",2,1055.36244827855,"Maples","IPSL-CM5A-MR",1
"108",3,1362.63711044819,"Maples","IPSL-CM5A-MR",1
"109",4,NA,"Maples","IPSL-CM5A-MR",1
"110",5,1644.18009634721,"Maples","IPSL-CM5A-MR",1
"111",1,2158.34737114068,"MesicHard","IPSL-CM5A-MR",1
"112",2,2971.2969318448,"MesicHard","IPSL-CM5A-MR",1
"113",3,3659.2524504248,"MesicHard","IPSL-CM5A-MR",1
"114",4,NA,"MesicHard","IPSL-CM5A-MR",1
"115",5,3990.87533622746,"MesicHard","IPSL-CM5A-MR",1
"116",1,0,"Hemlock","IPSL-CM5A-MR",1
"117",2,0.498508860957139,"Hemlock","IPSL-CM5A-MR",1
"118",3,1.11401162421682,"Hemlock","IPSL-CM5A-MR",1
"119",4,NA,"Hemlock","IPSL-CM5A-MR",1
"120",5,1.41467294122415,"Hemlock","IPSL-CM5A-MR",1
"121",1,29.4107883817427,"Yellowpines","MRI-CGCM3",1
"122",2,54.9792155329685,"Yellowpines","MRI-CGCM3",1
"123",3,56.5189764585466,"Yellowpines","MRI-CGCM3",1
"124",4,NA,"Yellowpines","MRI-CGCM3",1
"125",5,68.6661482348085,"Yellowpines","MRI-CGCM3",1
"126",1,4196.94190871369,"Whiteoaks","MRI-CGCM3",1
"127",2,4846.13004951785,"Whiteoaks","MRI-CGCM3",1
"128",3,5429.24230638008,"Whiteoaks","MRI-CGCM3",1
"129",4,NA,"Whiteoaks","MRI-CGCM3",1
"130",5,5931.39506572156,"Whiteoaks","MRI-CGCM3",1
"131",1,1263.6846473029,"XeriredOaks","MRI-CGCM3",1
"132",2,1431.89803231691,"XeriredOaks","MRI-CGCM3",1
"133",3,1587.95320368475,"XeriredOaks","MRI-CGCM3",1
"134",4,NA,"XeriredOaks","MRI-CGCM3",1
"135",5,1660.84195513041,"XeriredOaks","MRI-CGCM3",1
"136",1,43.7800829875519,"XeriHwd","MRI-CGCM3",1
"137",2,33.3794631222309,"XeriHwd","MRI-CGCM3",1
"138",3,28.5097645854657,"XeriHwd","MRI-CGCM3",1
"139",4,NA,"XeriHwd","MRI-CGCM3",1
"140",5,22.5506537746886,"XeriHwd","MRI-CGCM3",1
"141",1,467.070539419087,"WhitePine","MRI-CGCM3",1
"142",2,524.425853531405,"WhitePine","MRI-CGCM3",1
"143",3,581.366045718185,"WhitePine","MRI-CGCM3",1
"144",4,NA,"WhitePine","MRI-CGCM3",1
"145",5,666.22441332324,"WhitePine","MRI-CGCM3",1
"146",1,639.526970954357,"Maples","MRI-CGCM3",1
"147",2,1001.10118582226,"Maples","MRI-CGCM3",1
"148",3,1190.37690890481,"Maples","MRI-CGCM3",1
"149",4,NA,"Maples","MRI-CGCM3",1
"150",5,1417.82090014452,"Maples","MRI-CGCM3",1
"151",1,2654.04149377593,"MesicHard","MRI-CGCM3",1
"152",2,3303.52378160021,"MesicHard","MRI-CGCM3",1
"153",3,3777.62335039236,"MesicHard","MRI-CGCM3",1
"154",4,NA,"MesicHard","MRI-CGCM3",1
"155",5,4129.2496627899,"MesicHard","MRI-CGCM3",1
"156",1,0,"Hemlock","MRI-CGCM3",1
"157",2,0.548735991660151,"Hemlock","MRI-CGCM3",1
"158",3,1.26027976799727,"Hemlock","MRI-CGCM3",1
"159",4,NA,"Hemlock","MRI-CGCM3",1
"160",5,2.20953822861469,"Hemlock","MRI-CGCM3",1
"161",1,41.7662659399692,"Yellowpines","HadGEM",2
"162",2,74.7281312539772,"Yellowpines","HadGEM",2
"163",3,93.5832672810514,"Yellowpines","HadGEM",2
"164",4,NA,"Yellowpines","HadGEM",2
"165",5,82.1751342984613,"Yellowpines","HadGEM",2
"166",1,2642.97388322424,"Whiteoaks","HadGEM",2
"167",2,3567.07395486531,"Whiteoaks","HadGEM",2
"168",3,3933.71923245277,"Whiteoaks","HadGEM",2
"169",4,NA,"Whiteoaks","HadGEM",2
"170",5,4134.05386506419,"Whiteoaks","HadGEM",2
"171",1,534.996609904295,"XeriredOaks","HadGEM",2
"172",2,805.221864595918,"XeriredOaks","HadGEM",2
"173",3,910.144613091365,"XeriredOaks","HadGEM",2
"174",4,NA,"XeriredOaks","HadGEM",2
"175",5,1016.30387872166,"XeriredOaks","HadGEM",2
"176",1,28.6802487808694,"XeriHwd","HadGEM",2
"177",2,31.2289751085944,"XeriHwd","HadGEM",2
"178",3,33.8087520259319,"XeriHwd","HadGEM",2
"179",4,NA,"XeriHwd","HadGEM",2
"180",5,37.161030683784,"XeriHwd","HadGEM",2
"181",1,390.588716196834,"WhitePine","HadGEM",2
"182",2,438.426879766856,"WhitePine","HadGEM",2
"183",3,533.786735913119,"WhitePine","HadGEM",2
"184",4,NA,"WhitePine","HadGEM",2
"185",5,717.335973777656,"WhitePine","HadGEM",2
"186",1,527.779695934493,"Maples","HadGEM",2
"187",2,1160.18753861903,"Maples","HadGEM",2
"188",3,1617.18592435732,"Maples","HadGEM",2
"189",4,NA,"Maples","HadGEM",2
"190",5,1976.04717290358,"Maples","HadGEM",2
"191",1,1650.58600412027,"MesicHard","HadGEM",2
"192",2,2727.17350204277,"MesicHard","HadGEM",2
"193",3,3176.87832578168,"MesicHard","HadGEM",2
"194",4,NA,"MesicHard","HadGEM",2
"195",5,3455.58844577984,"MesicHard","HadGEM",2
"196",1,0.0503689988786607,"Hemlock","HadGEM",2
"197",2,0.213103263826765,"Hemlock","HadGEM",2
"198",3,0.525251688769535,"Hemlock","HadGEM",2
"199",4,NA,"Hemlock","HadGEM",2
"200",5,0.625940089228808,"Hemlock","HadGEM",2
"201",1,56.2080536912752,"Yellowpines","CNRM-CM5",2
"202",2,65.3909842643313,"Yellowpines","CNRM-CM5",2
"203",3,77.369141642076,"Yellowpines","CNRM-CM5",2
"204",4,NA,"Yellowpines","CNRM-CM5",2
"205",5,87.4955984993385,"Yellowpines","CNRM-CM5",2
"206",1,5045.41163310962,"Whiteoaks","CNRM-CM5",2
"207",2,5580.51585778584,"Whiteoaks","CNRM-CM5",2
"208",3,5750.64714242319,"Whiteoaks","CNRM-CM5",2
"209",4,NA,"Whiteoaks","CNRM-CM5",2
"210",5,5846.60083102816,"Whiteoaks","CNRM-CM5",2
"211",1,1078.06599552573,"XeriredOaks","CNRM-CM5",2
"212",2,1524.04926555249,"XeriredOaks","CNRM-CM5",2
"213",3,1590.17156309668,"XeriredOaks","CNRM-CM5",2
"214",4,NA,"XeriredOaks","CNRM-CM5",2
"215",5,1561.725783987,"XeriredOaks","CNRM-CM5",2
"216",1,29.3948545861298,"XeriHwd","CNRM-CM5",2
"217",2,39.9982554691044,"XeriHwd","CNRM-CM5",2
"218",3,42.2149691893768,"XeriHwd","CNRM-CM5",2
"219",4,NA,"XeriHwd","CNRM-CM5",2
"220",5,43.4101911519943,"XeriHwd","CNRM-CM5",2
"221",1,529.192393736018,"WhitePine","CNRM-CM5",2
"222",2,601.939115871742,"WhitePine","CNRM-CM5",2
"223",3,626.045228692935,"WhitePine","CNRM-CM5",2
"224",4,NA,"WhitePine","CNRM-CM5",2
"225",5,692.670479102086,"WhitePine","CNRM-CM5",2
"226",1,960.56711409396,"Maples","CNRM-CM5",2
"227",2,1083.03670493004,"Maples","CNRM-CM5",2
"228",3,1268.57908783197,"Maples","CNRM-CM5",2
"229",4,NA,"Maples","CNRM-CM5",2
"230",5,1509.51646343593,"Maples","CNRM-CM5",2
"231",1,3029.39485458613,"MesicHard","CNRM-CM5",2
"232",2,3632.86752032378,"MesicHard","CNRM-CM5",2
"233",3,3981.23701397327,"MesicHard","CNRM-CM5",2
"234",4,NA,"MesicHard","CNRM-CM5",2
"235",5,4258.54801302022,"MesicHard","CNRM-CM5",2
"236",1,2.42953020134228,"Hemlock","CNRM-CM5",2
"237",2,1.07731760929486,"Hemlock","CNRM-CM5",2
"238",3,1.22670760284673,"Hemlock","CNRM-CM5",2
"239",4,NA,"Hemlock","CNRM-CM5",2
"240",5,1.89239310502691,"Hemlock","CNRM-CM5",2
"241",1,40.1231335651462,"Yellowpines","IPSL-CM5A-MR",2
"242",2,56.6918456702343,"Yellowpines","IPSL-CM5A-MR",2
"243",3,71.9274666567041,"Yellowpines","IPSL-CM5A-MR",2
"244",4,NA,"Yellowpines","IPSL-CM5A-MR",2
"245",5,100.729520793337,"Yellowpines","IPSL-CM5A-MR",2
"246",1,3763.11904274903,"Whiteoaks","IPSL-CM5A-MR",2
"247",2,4509.01272359853,"Whiteoaks","IPSL-CM5A-MR",2
"248",3,5041.89433817761,"Whiteoaks","IPSL-CM5A-MR",2
"249",4,NA,"Whiteoaks","IPSL-CM5A-MR",2
"250",5,5242.51440329218,"Whiteoaks","IPSL-CM5A-MR",2
"251",1,730.20904070362,"XeriredOaks","IPSL-CM5A-MR",2
"252",2,1065.80577801063,"XeriredOaks","IPSL-CM5A-MR",2
"253",3,1207.18579781074,"XeriredOaks","IPSL-CM5A-MR",2
"254",4,NA,"XeriredOaks","IPSL-CM5A-MR",2
"255",5,1247.60860507373,"XeriredOaks","IPSL-CM5A-MR",2
"256",1,27.2348128451626,"XeriHwd","IPSL-CM5A-MR",2
"257",2,37.3931966170197,"XeriHwd","IPSL-CM5A-MR",2
"258",3,42.0479134755482,"XeriHwd","IPSL-CM5A-MR",2
"259",4,NA,"XeriHwd","IPSL-CM5A-MR",2
"260",5,46.0627840603878,"XeriHwd","IPSL-CM5A-MR",2
"261",1,503.537942319493,"WhitePine","IPSL-CM5A-MR",2
"262",2,558.059931891326,"WhitePine","IPSL-CM5A-MR",2
"263",3,615.088541861247,"WhitePine","IPSL-CM5A-MR",2
"264",4,NA,"WhitePine","IPSL-CM5A-MR",2
"265",5,723.078301406464,"WhitePine","IPSL-CM5A-MR",2
"266",1,726.258948660258,"Maples","IPSL-CM5A-MR",2
"267",2,1060.16673527431,"Maples","IPSL-CM5A-MR",2
"268",3,1367.89965255725,"Maples","IPSL-CM5A-MR",2
"269",4,NA,"Maples","IPSL-CM5A-MR",2
"270",5,1632.01812848288,"Maples","IPSL-CM5A-MR",2
"271",1,2421.0345673962,"MesicHard","IPSL-CM5A-MR",2
"272",2,3176.43290172891,"MesicHard","IPSL-CM5A-MR",2
"273",3,3665.66776254343,"MesicHard","IPSL-CM5A-MR",2
"274",4,NA,"MesicHard","IPSL-CM5A-MR",2
"275",5,3970.06228892532,"MesicHard","IPSL-CM5A-MR",2
"276",1,0.298015954182859,"Hemlock","IPSL-CM5A-MR",2
"277",2,0.627759898211212,"Hemlock","IPSL-CM5A-MR",2
"278",3,1.04896887959054,"Hemlock","IPSL-CM5A-MR",2
"279",4,NA,"Hemlock","IPSL-CM5A-MR",2
"280",5,1.39247861810606,"Hemlock","IPSL-CM5A-MR",2
"281",1,33.6262975778547,"Yellowpines","MRI-CGCM3",2
"282",2,50.9449464524766,"Yellowpines","MRI-CGCM3",2
"283",3,55.635678906218,"Yellowpines","MRI-CGCM3",2
"284",4,NA,"Yellowpines","MRI-CGCM3",2
"285",5,67.1486629752059,"Yellowpines","MRI-CGCM3",2
"286",1,3796.27335640138,"Whiteoaks","MRI-CGCM3",2
"287",2,5007.67921686747,"Whiteoaks","MRI-CGCM3",2
"288",3,5526.12773070258,"Whiteoaks","MRI-CGCM3",2
"289",4,NA,"Whiteoaks","MRI-CGCM3",2
"290",5,5920.51441303343,"Whiteoaks","MRI-CGCM3",2
"291",1,1125.06228373702,"XeriredOaks","MRI-CGCM3",2
"292",2,1519.65829986613,"XeriredOaks","MRI-CGCM3",2
"293",3,1630.78588289874,"XeriredOaks","MRI-CGCM3",2
"294",4,NA,"XeriredOaks","MRI-CGCM3",2
"295",5,1651.12266980893,"XeriredOaks","MRI-CGCM3",2
"296",1,17.4878892733564,"XeriHwd","MRI-CGCM3",2
"297",2,27.9175591253905,"XeriHwd","MRI-CGCM3",2
"298",3,25.354824184371,"XeriHwd","MRI-CGCM3",2
"299",4,NA,"XeriHwd","MRI-CGCM3",2
"300",5,22.5347682061656,"XeriHwd","MRI-CGCM3",2
"301",1,438.643598615917,"WhitePine","MRI-CGCM3",2
"302",2,569.948850959393,"WhitePine","MRI-CGCM3",2
"303",3,599.665902547519,"WhitePine","MRI-CGCM3",2
"304",4,NA,"WhitePine","MRI-CGCM3",2
"305",5,658.657066088268,"WhitePine","MRI-CGCM3",2
"306",1,616.141868512111,"Maples","MRI-CGCM3",2
"307",2,977.242748772869,"Maples","MRI-CGCM3",2
"308",3,1201.8870877509,"Maples","MRI-CGCM3",2
"309",4,NA,"Maples","MRI-CGCM3",2
"310",5,1429.00257915611,"Maples","MRI-CGCM3",2
"311",1,2450.11418685121,"MesicHard","MRI-CGCM3",2
"312",2,3290.7786702365,"MesicHard","MRI-CGCM3",2
"313",3,3793.05620369233,"MesicHard","MRI-CGCM3",2
"314",4,NA,"MesicHard","MRI-CGCM3",2
"315",5,4153.28873339799,"MesicHard","MRI-CGCM3",2
"316",1,0,"Hemlock","MRI-CGCM3",2
"317",2,0.771809460062472,"Hemlock","MRI-CGCM3",2
"318",3,1.2336157845184,"Hemlock","MRI-CGCM3",2
"319",4,NA,"Hemlock","MRI-CGCM3",2
"320",5,2.07605382163502,"Hemlock","MRI-CGCM3",2
"321",1,48.1190876280375,"Yellowpines","HadGEM",3
"322",2,79.091566114187,"Yellowpines","HadGEM",3
"323",3,89.3396546425197,"Yellowpines","HadGEM",3
"324",4,NA,"Yellowpines","HadGEM",3
"325",5,78.864233327648,"Yellowpines","HadGEM",3
"326",1,2782.88761927028,"Whiteoaks","HadGEM",3
"327",2,3435.44980724336,"Whiteoaks","HadGEM",3
"328",3,3904.42544763292,"Whiteoaks","HadGEM",3
"329",4,NA,"Whiteoaks","HadGEM",3
"330",5,4182.59121879404,"Whiteoaks","HadGEM",3
"331",1,589.142057658869,"XeriredOaks","HadGEM",3
"332",2,795.374091002603,"XeriredOaks","HadGEM",3
"333",3,923.887070152873,"XeriredOaks","HadGEM",3
"334",4,NA,"XeriredOaks","HadGEM",3
"335",5,1024.81027316714,"XeriredOaks","HadGEM",3
"336",1,30.0632698686383,"XeriHwd","HadGEM",3
"337",2,32.7040760650811,"XeriHwd","HadGEM",3
"338",3,34.898976676418,"XeriHwd","HadGEM",3
"339",4,NA,"XeriHwd","HadGEM",3
"340",5,37.5626094059984,"XeriHwd","HadGEM",3
"341",1,384.578312900916,"WhitePine","HadGEM",3
"342",2,426.192354135547,"WhitePine","HadGEM",3
"343",3,534.165974206327,"WhitePine","HadGEM",3
"344",4,NA,"WhitePine","HadGEM",3
"345",5,742.579701428225,"WhitePine","HadGEM",3
"346",1,574.642167248711,"Maples","HadGEM",3
"347",2,1125.76565980018,"Maples","HadGEM",3
"348",3,1591.04767162582,"Maples","HadGEM",3
"349",4,NA,"Maples","HadGEM",3
"350",5,2003.3723798666,"Maples","HadGEM",3
"351",1,1793.75944299136,"MesicHard","HadGEM",3
"352",2,2641.05847995063,"MesicHard","HadGEM",3
"353",3,3189.62816587176,"MesicHard","HadGEM",3
"354",4,NA,"MesicHard","HadGEM",3
"355",5,3504.04955250141,"MesicHard","HadGEM",3
"356",1,0.0623493139675906,"Hemlock","HadGEM",3
"357",2,0.358062236692636,"Hemlock","HadGEM",3
"358",3,0.694630681494804,"Hemlock","HadGEM",3
"359",4,NA,"Hemlock","HadGEM",3
"360",5,0.833343806386168,"Hemlock","HadGEM",3
"361",1,35.7082802547771,"Yellowpines","CNRM-CM5",3
"362",2,59.8253212465281,"Yellowpines","CNRM-CM5",3
"363",3,79.1769456369278,"Yellowpines","CNRM-CM5",3
"364",4,NA,"Yellowpines","CNRM-CM5",3
"365",5,88.1836856634121,"Yellowpines","CNRM-CM5",3
"366",1,4883.7974522293,"Whiteoaks","CNRM-CM5",3
"367",2,5516.49845862711,"Whiteoaks","CNRM-CM5",3
"368",3,5743.82768733795,"Whiteoaks","CNRM-CM5",3
"369",4,NA,"Whiteoaks","CNRM-CM5",3
"370",5,5833.04509586007,"Whiteoaks","CNRM-CM5",3
"371",1,1172.29363057325,"XeriredOaks","CNRM-CM5",3
"372",2,1455.24781002961,"XeriredOaks","CNRM-CM5",3
"373",3,1546.86384791941,"XeriredOaks","CNRM-CM5",3
"374",4,NA,"XeriredOaks","CNRM-CM5",3
"375",5,1557.0407579578,"XeriredOaks","CNRM-CM5",3
"376",1,31.0025477707006,"XeriHwd","CNRM-CM5",3
"377",2,36.8235204346366,"XeriHwd","CNRM-CM5",3
"378",3,41.9355952735155,"XeriHwd","CNRM-CM5",3
"379",4,NA,"XeriHwd","CNRM-CM5",3
"380",5,43.3352453563732,"XeriHwd","CNRM-CM5",3
"381",1,594.033121019108,"WhitePine","CNRM-CM5",3
"382",2,613.54607331441,"WhitePine","CNRM-CM5",3
"383",3,615.81253453479,"WhitePine","CNRM-CM5",3
"384",4,NA,"WhitePine","CNRM-CM5",3
"385",5,697.428241376975,"WhitePine","CNRM-CM5",3
"386",1,871.696815286624,"Maples","CNRM-CM5",3
"387",2,1103.24613130666,"Maples","CNRM-CM5",3
"388",3,1293.55368300251,"Maples","CNRM-CM5",3
"389",4,NA,"Maples","CNRM-CM5",3
"390",5,1505.91976673319,"Maples","CNRM-CM5",3
"391",1,2875.98598726115,"MesicHard","CNRM-CM5",3
"392",2,3450.9364527058,"MesicHard","CNRM-CM5",3
"393",3,3965.83601819186,"MesicHard","CNRM-CM5",3
"394",4,NA,"MesicHard","CNRM-CM5",3
"395",5,4273.5712089164,"MesicHard","CNRM-CM5",3
"396",1,0,"Hemlock","CNRM-CM5",3
"397",2,0.496077892744865,"Hemlock","CNRM-CM5",3
"398",3,0.823107493518086,"Hemlock","CNRM-CM5",3
"399",4,NA,"Hemlock","CNRM-CM5",3
"400",5,1.3473349187191,"Hemlock","CNRM-CM5",3
"401",1,37.8078873953842,"Yellowpines","IPSL-CM5A-MR",3
"402",2,55.5306450543622,"Yellowpines","IPSL-CM5A-MR",3
"403",3,79.4258320969683,"Yellowpines","IPSL-CM5A-MR",3
"404",4,NA,"Yellowpines","IPSL-CM5A-MR",3
"405",5,97.3875586129853,"Yellowpines","IPSL-CM5A-MR",3
"406",1,3193.9476287091,"Whiteoaks","IPSL-CM5A-MR",3
"407",2,4299.70274794484,"Whiteoaks","IPSL-CM5A-MR",3
"408",3,4974.35684759585,"Whiteoaks","IPSL-CM5A-MR",3
"409",4,NA,"Whiteoaks","IPSL-CM5A-MR",3
"410",5,5162.27001416021,"Whiteoaks","IPSL-CM5A-MR",3
"411",1,662.211260461577,"XeriredOaks","IPSL-CM5A-MR",3
"412",2,990.304876027579,"XeriredOaks","IPSL-CM5A-MR",3
"413",3,1175.0272560162,"XeriredOaks","IPSL-CM5A-MR",3
"414",4,NA,"XeriredOaks","IPSL-CM5A-MR",3
"415",5,1220.54589329374,"XeriredOaks","IPSL-CM5A-MR",3
"416",1,29.3659650012681,"XeriHwd","IPSL-CM5A-MR",3
"417",2,37.0601133651551,"XeriHwd","IPSL-CM5A-MR",3
"418",3,42.5397176422286,"XeriHwd","IPSL-CM5A-MR",3
"419",4,NA,"XeriHwd","IPSL-CM5A-MR",3
"420",5,45.17275457757,"XeriHwd","IPSL-CM5A-MR",3
"421",1,472.919097134162,"WhitePine","IPSL-CM5A-MR",3
"422",2,532.963985017237,"WhitePine","IPSL-CM5A-MR",3
"423",3,603.259403372244,"WhitePine","IPSL-CM5A-MR",3
"424",4,NA,"WhitePine","IPSL-CM5A-MR",3
"425",5,718.724493245726,"WhitePine","IPSL-CM5A-MR",3
"426",1,553.599163073802,"Maples","IPSL-CM5A-MR",3
"427",2,965.605542296473,"Maples","IPSL-CM5A-MR",3
"428",3,1313.9060549226,"Maples","IPSL-CM5A-MR",3
"429",4,NA,"Maples","IPSL-CM5A-MR",3
"430",5,1683.99876036905,"Maples","IPSL-CM5A-MR",3
"431",1,1964.28899315242,"MesicHard","IPSL-CM5A-MR",3
"432",2,2870.70201869531,"MesicHard","IPSL-CM5A-MR",3
"433",3,3526.77423508664,"MesicHard","IPSL-CM5A-MR",3
"434",4,NA,"MesicHard","IPSL-CM5A-MR",3
"435",5,3999.61780658817,"MesicHard","IPSL-CM5A-MR",3
"436",1,0.780877504438245,"Hemlock","IPSL-CM5A-MR",3
"437",2,0.431583134447096,"Hemlock","IPSL-CM5A-MR",3
"438",3,0.596721066726385,"Hemlock","IPSL-CM5A-MR",3
"439",4,NA,"Hemlock","IPSL-CM5A-MR",3
"440",5,0.887183783863239,"Hemlock","IPSL-CM5A-MR",3
"441",1,48.7868020304569,"Yellowpines","MRI-CGCM3",3
"442",2,47.6821584529008,"Yellowpines","MRI-CGCM3",3
"443",3,52.2345297029703,"Yellowpines","MRI-CGCM3",3
"444",4,NA,"Yellowpines","MRI-CGCM3",3
"445",5,69.3311713086609,"Yellowpines","MRI-CGCM3",3
"446",1,4019.08629441624,"Whiteoaks","MRI-CGCM3",3
"447",2,4566.6833437305,"Whiteoaks","MRI-CGCM3",3
"448",3,5237.4544012995,"Whiteoaks","MRI-CGCM3",3
"449",4,NA,"Whiteoaks","MRI-CGCM3",3
"450",5,5950.33112580463,"Whiteoaks","MRI-CGCM3",3
"451",1,1127.59390862944,"XeriredOaks","MRI-CGCM3",3
"452",2,1353.7892077355,"XeriredOaks","MRI-CGCM3",3
"453",3,1571.42976485149,"XeriredOaks","MRI-CGCM3",3
"454",4,NA,"XeriredOaks","MRI-CGCM3",3
"455",5,1668.7579220761,"XeriredOaks","MRI-CGCM3",3
"456",1,26.6192893401015,"XeriHwd","MRI-CGCM3",3
"457",2,29.0700561447286,"XeriHwd","MRI-CGCM3",3
"458",3,27.7567682549505,"XeriHwd","MRI-CGCM3",3
"459",4,NA,"XeriHwd","MRI-CGCM3",3
"460",5,22.6377459405157,"XeriHwd","MRI-CGCM3",3
"461",1,333.969543147208,"WhitePine","MRI-CGCM3",3
"462",2,466.840112289457,"WhitePine","MRI-CGCM3",3
"463",3,539.333049711221,"WhitePine","MRI-CGCM3",3
"464",4,NA,"WhitePine","MRI-CGCM3",3
"465",5,673.778388387372,"WhitePine","MRI-CGCM3",3
"466",1,632.335025380711,"Maples","MRI-CGCM3",3
"467",2,950.347910168434,"Maples","MRI-CGCM3",3
"468",3,1136.53928166254,"Maples","MRI-CGCM3",3
"469",4,NA,"Maples","MRI-CGCM3",3
"470",5,1410.47146722485,"Maples","MRI-CGCM3",3
"471",1,2615.89847715736,"MesicHard","MRI-CGCM3",3
"472",2,3319.0315658141,"MesicHard","MRI-CGCM3",3
"473",3,3730.47217924918,"MesicHard","MRI-CGCM3",3
"474",4,NA,"MesicHard","MRI-CGCM3",3
"475",5,4113.36296812268,"MesicHard","MRI-CGCM3",3
"476",1,0.192893401015228,"Hemlock","MRI-CGCM3",3
"477",2,0.529070492825951,"Hemlock","MRI-CGCM3",3
"478",3,1.30437809405941,"Hemlock","MRI-CGCM3",3
"479",4,NA,"Hemlock","MRI-CGCM3",3
"480",5,2.29721830381989,"Hemlock","MRI-CGCM3",3
"481",1,40.0274318986373,"Yellowpines","HadGEM",4
"482",2,74.2992467095279,"Yellowpines","HadGEM",4
"483",3,90.7847781666158,"Yellowpines","HadGEM",4
"484",4,NA,"Yellowpines","HadGEM",4
"485",5,84.6576251289531,"Yellowpines","HadGEM",4
"486",1,2820.90743955278,"Whiteoaks","HadGEM",4
"487",2,3561.55268894346,"Whiteoaks","HadGEM",4
"488",3,3946.89696314912,"Whiteoaks","HadGEM",4
"489",4,NA,"Whiteoaks","HadGEM",4
"490",5,4157.18330902494,"Whiteoaks","HadGEM",4
"491",1,591.316375763706,"XeriredOaks","HadGEM",4
"492",2,826.943654976408,"XeriredOaks","HadGEM",4
"493",3,916.003675693449,"XeriredOaks","HadGEM",4
"494",4,NA,"XeriredOaks","HadGEM",4
"495",5,1010.80135000534,"XeriredOaks","HadGEM",4
"496",1,28.6984541366538,"XeriHwd","HadGEM",4
"497",2,31.4748121372663,"XeriHwd","HadGEM",4
"498",3,33.9228808981375,"XeriHwd","HadGEM",4
"499",4,NA,"XeriHwd","HadGEM",4
"500",5,37.6838426238839,"XeriHwd","HadGEM",4
"501",1,386.749941910529,"WhitePine","HadGEM",4
"502",2,455.546544889306,"WhitePine","HadGEM",4
"503",3,525.993682034901,"WhitePine","HadGEM",4
"504",4,NA,"WhitePine","HadGEM",4
"505",5,714.788677030344,"WhitePine","HadGEM",4
"506",1,588.117846452442,"Maples","HadGEM",4
"507",2,1141.27665719305,"Maples","HadGEM",4
"508",3,1634.18743687907,"Maples","HadGEM",4
"509",4,NA,"Maples","HadGEM",4
"510",5,1996.6938831774,"Maples","HadGEM",4
"511",1,1774.98918852425,"MesicHard","HadGEM",4
"512",2,2607.79026516928,"MesicHard","HadGEM",4
"513",3,3220.79571129953,"MesicHard","HadGEM",4
"514",4,NA,"MesicHard","HadGEM",4
"515",5,3504.94041478425,"MesicHard","HadGEM",4
"516",1,0.114183398712464,"Hemlock","HadGEM",4
"517",2,0.265748737617615,"Hemlock","HadGEM",4
"518",3,0.366101416257604,"Hemlock","HadGEM",4
"519",4,NA,"Hemlock","HadGEM",4
"520",5,0.674522428942407,"Hemlock","HadGEM",4
"521",1,51.7895784931962,"Yellowpines","CNRM-CM5",4
"522",2,52.7290854260906,"Yellowpines","CNRM-CM5",4
"523",3,73.0439607208105,"Yellowpines","CNRM-CM5",4
"524",4,NA,"Yellowpines","CNRM-CM5",4
"525",5,91.2974481625695,"Yellowpines","CNRM-CM5",4
"526",1,4601.8665781613,"Whiteoaks","CNRM-CM5",4
"527",2,5511.3900327562,"Whiteoaks","CNRM-CM5",4
"528",3,5817.08402881581,"Whiteoaks","CNRM-CM5",4
"529",4,NA,"Whiteoaks","CNRM-CM5",4
"530",5,5819.44745912798,"Whiteoaks","CNRM-CM5",4
"531",1,1079.28642548955,"XeriredOaks","CNRM-CM5",4
"532",2,1416.4589767587,"XeriredOaks","CNRM-CM5",4
"533",3,1596.45899767481,"XeriredOaks","CNRM-CM5",4
"534",4,NA,"XeriredOaks","CNRM-CM5",4
"535",5,1567.32987267709,"XeriredOaks","CNRM-CM5",4
"536",1,33.8257550614006,"XeriHwd","CNRM-CM5",4
"537",2,40.5802786876722,"XeriHwd","CNRM-CM5",4
"538",3,41.6211281348613,"XeriHwd","CNRM-CM5",4
"539",4,NA,"XeriHwd","CNRM-CM5",4
"540",5,43.3463207941441,"XeriHwd","CNRM-CM5",4
"541",1,544.52339860604,"WhitePine","CNRM-CM5",4
"542",2,569.732958976759,"WhitePine","CNRM-CM5",4
"543",3,616.116591928251,"WhitePine","CNRM-CM5",4
"544",4,NA,"WhitePine","CNRM-CM5",4
"545",5,698.834538149287,"WhitePine","CNRM-CM5",4
"546",1,838.702621971457,"Maples","CNRM-CM5",4
"547",2,1098.69692715645,"Maples","CNRM-CM5",4
"548",3,1288.97685185185,"Maples","CNRM-CM5",4
"549",4,NA,"Maples","CNRM-CM5",4
"550",5,1505.93590406713,"Maples","CNRM-CM5",4
"551",1,3025.13209425821,"MesicHard","CNRM-CM5",4
"552",2,3710.36257994073,"MesicHard","CNRM-CM5",4
"553",3,4047.45346495599,"MesicHard","CNRM-CM5",4
"554",4,NA,"MesicHard","CNRM-CM5",4
"555",5,4233.94757705788,"MesicHard","CNRM-CM5",4
"556",1,0,"Hemlock","CNRM-CM5",4
"557",2,0.675011698642957,"Hemlock","CNRM-CM5",4
"558",3,1.38890964955987,"Hemlock","CNRM-CM5",4
"559",4,NA,"Hemlock","CNRM-CM5",4
"560",5,1.83229127442907,"Hemlock","CNRM-CM5",4
"561",1,38.9434108527132,"Yellowpines","IPSL-CM5A-MR",4
"562",2,58.6989779410365,"Yellowpines","IPSL-CM5A-MR",4
"563",3,74.6671437333879,"Yellowpines","IPSL-CM5A-MR",4
"564",4,NA,"Yellowpines","IPSL-CM5A-MR",4
"565",5,96.4406724729769,"Yellowpines","IPSL-CM5A-MR",4
"566",1,3711.97887596899,"Whiteoaks","IPSL-CM5A-MR",4
"567",2,4564.61121790602,"Whiteoaks","IPSL-CM5A-MR",4
"568",3,4987.93990906524,"Whiteoaks","IPSL-CM5A-MR",4
"569",4,NA,"Whiteoaks","IPSL-CM5A-MR",4
"570",5,5252.45732453257,"Whiteoaks","IPSL-CM5A-MR",4
"571",1,764.639728682171,"XeriredOaks","IPSL-CM5A-MR",4
"572",2,1081.57433242611,"XeriredOaks","IPSL-CM5A-MR",4
"573",3,1201.74369833806,"XeriredOaks","IPSL-CM5A-MR",4
"574",4,NA,"XeriredOaks","IPSL-CM5A-MR",4
"575",5,1244.21002684049,"XeriredOaks","IPSL-CM5A-MR",4
"576",1,28.7166666666667,"XeriHwd","IPSL-CM5A-MR",4
"577",2,35.6863782569803,"XeriHwd","IPSL-CM5A-MR",4
"578",3,41.1980605777375,"XeriHwd","IPSL-CM5A-MR",4
"579",4,NA,"XeriHwd","IPSL-CM5A-MR",4
"580",5,46.2258709465381,"XeriHwd","IPSL-CM5A-MR",4
"581",1,531.064147286822,"WhitePine","IPSL-CM5A-MR",4
"582",2,596.262766220666,"WhitePine","IPSL-CM5A-MR",4
"583",3,611.611180886176,"WhitePine","IPSL-CM5A-MR",4
"584",4,NA,"WhitePine","IPSL-CM5A-MR",4
"585",5,720.647923970202,"WhitePine","IPSL-CM5A-MR",4
"586",1,616.467248062016,"Maples","IPSL-CM5A-MR",4
"587",2,1003.29875716107,"Maples","IPSL-CM5A-MR",4
"588",3,1332.82316402333,"Maples","IPSL-CM5A-MR",4
"589",4,NA,"Maples","IPSL-CM5A-MR",4
"590",5,1650.36884220713,"Maples","IPSL-CM5A-MR",4
"591",1,2079.28759689922,"MesicHard","IPSL-CM5A-MR",4
"592",2,2944.92584838507,"MesicHard","IPSL-CM5A-MR",4
"593",3,3577.4008236703,"MesicHard","IPSL-CM5A-MR",4
"594",4,NA,"MesicHard","IPSL-CM5A-MR",4
"595",5,4018.96607051563,"MesicHard","IPSL-CM5A-MR",4
"596",1,0,"Hemlock","IPSL-CM5A-MR",4
"597",2,0.370110960963819,"Hemlock","IPSL-CM5A-MR",4
"598",3,0.616652549386142,"Hemlock","IPSL-CM5A-MR",4
"599",4,NA,"Hemlock","IPSL-CM5A-MR",4
"600",5,0.998954681565878,"Hemlock","IPSL-CM5A-MR",4
"601",1,32.8135048231511,"Yellowpines","MRI-CGCM3",4
"602",2,49.9750666821292,"Yellowpines","MRI-CGCM3",4
"603",3,56.0440780355135,"Yellowpines","MRI-CGCM3",4
"604",4,NA,"Yellowpines","MRI-CGCM3",4
"605",5,66.4525536961069,"Yellowpines","MRI-CGCM3",4
"606",1,3593.13826366559,"Whiteoaks","MRI-CGCM3",4
"607",2,4606.66177664386,"Whiteoaks","MRI-CGCM3",4
"608",3,5258.30849394597,"Whiteoaks","MRI-CGCM3",4
"609",4,NA,"Whiteoaks","MRI-CGCM3",4
"610",5,5919.33476382821,"Whiteoaks","MRI-CGCM3",4
"611",1,810.736334405145,"XeriredOaks","MRI-CGCM3",4
"612",2,1288.09851559782,"XeriredOaks","MRI-CGCM3",4
"613",3,1518.86583069641,"XeriredOaks","MRI-CGCM3",4
"614",4,NA,"XeriredOaks","MRI-CGCM3",4
"615",5,1671.4858065714,"XeriredOaks","MRI-CGCM3",4
"616",1,26.6366559485531,"XeriHwd","MRI-CGCM3",4
"617",2,28.3814797634234,"XeriHwd","MRI-CGCM3",4
"618",3,27.4719265671173,"XeriHwd","MRI-CGCM3",4
"619",4,NA,"XeriHwd","MRI-CGCM3",4
"620",5,22.6949437552768,"XeriHwd","MRI-CGCM3",4
"621",1,395.061093247588,"WhitePine","MRI-CGCM3",4
"622",2,490.312188333527,"WhitePine","MRI-CGCM3",4
"623",3,566.440479615053,"WhitePine","MRI-CGCM3",4
"624",4,NA,"WhitePine","MRI-CGCM3",4
"625",5,663.518845748277,"WhitePine","MRI-CGCM3",4
"626",1,719.405144694534,"Maples","MRI-CGCM3",4
"627",2,940.015017975183,"Maples","MRI-CGCM3",4
"628",3,1152.7824864667,"Maples","MRI-CGCM3",4
"629",4,NA,"Maples","MRI-CGCM3",4
"630",5,1428.04523049652,"Maples","MRI-CGCM3",4
"631",1,2370.8231511254,"MesicHard","MRI-CGCM3",4
"632",2,3029.25449379566,"MesicHard","MRI-CGCM3",4
"633",3,3669.62092366432,"MesicHard","MRI-CGCM3",4
"634",4,NA,"MesicHard","MRI-CGCM3",4
"635",5,4130.93884721964,"MesicHard","MRI-CGCM3",4
"636",1,0,"Hemlock","MRI-CGCM3",4
"637",2,0.575379798214079,"Hemlock","MRI-CGCM3",4
"638",3,1.27435340882345,"Hemlock","MRI-CGCM3",4
"639",4,NA,"Hemlock","MRI-CGCM3",4
"640",5,2.1554918742052,"Hemlock","MRI-CGCM3",4
"641",1,40.7088337499238,"Yellowpines","HadGEM",5
"642",2,74.2381090543337,"Yellowpines","HadGEM",5
"643",3,99.8855773567885,"Yellowpines","HadGEM",5
"644",4,NA,"Yellowpines","HadGEM",5
"645",5,83.8390889534788,"Yellowpines","HadGEM",5
"646",1,2561.29006888984,"Whiteoaks","HadGEM",5
"647",2,3452.34183446488,"Whiteoaks","HadGEM",5
"648",3,3902.01816644114,"Whiteoaks","HadGEM",5
"649",4,NA,"Whiteoaks","HadGEM",5
"650",5,4178.74592344451,"Whiteoaks","HadGEM",5
"651",1,520.082469670182,"XeriredOaks","HadGEM",5
"652",2,803.891197121801,"XeriredOaks","HadGEM",5
"653",3,915.688903924222,"XeriredOaks","HadGEM",5
"654",4,NA,"XeriredOaks","HadGEM",5
"655",5,1016.59088296632,"XeriredOaks","HadGEM",5
"656",1,28.2522404438213,"XeriHwd","HadGEM",5
"657",2,33.1657672295402,"XeriHwd","HadGEM",5
"658",3,35.8017365809653,"XeriHwd","HadGEM",5
"659",4,NA,"XeriHwd","HadGEM",5
"660",5,37.6883754536348,"XeriHwd","HadGEM",5
"661",1,360.905032615985,"WhitePine","HadGEM",5
"662",2,433.439824754831,"WhitePine","HadGEM",5
"663",3,532.512471808751,"WhitePine","HadGEM",5
"664",4,NA,"WhitePine","HadGEM",5
"665",5,708.381480204279,"WhitePine","HadGEM",5
"666",1,529.6686734134,"Maples","HadGEM",5
"667",2,1059.35819841776,"Maples","HadGEM",5
"668",3,1540.30210870546,"Maples","HadGEM",5
"669",4,NA,"Maples","HadGEM",5
"670",5,2024.9182472043,"Maples","HadGEM",5
"671",1,1692.70718770957,"MesicHard","HadGEM",5
"672",2,2520.96311340645,"MesicHard","HadGEM",5
"673",3,3059.60528867839,"MesicHard","HadGEM",5
"674",4,NA,"MesicHard","HadGEM",5
"675",5,3526.24218762829,"MesicHard","HadGEM",5
"676",1,0.0271291836859111,"Hemlock","HadGEM",5
"677",2,0.431923248031877,"Hemlock","HadGEM",5
"678",3,0.764129454217411,"Hemlock","HadGEM",5
"679",4,NA,"Hemlock","HadGEM",5
"680",5,1.08933116573887,"Hemlock","HadGEM",5
"681",1,69.907614213198,"Yellowpines","CNRM-CM5",5
"682",2,50.4336616099829,"Yellowpines","CNRM-CM5",5
"683",3,65.1351554861259,"Yellowpines","CNRM-CM5",5
"684",4,NA,"Yellowpines","CNRM-CM5",5
"685",5,91.8560422765881,"Yellowpines","CNRM-CM5",5
"686",1,4796.92436548223,"Whiteoaks","CNRM-CM5",5
"687",2,5580.69357107903,"Whiteoaks","CNRM-CM5",5
"688",3,5869.68392542061,"Whiteoaks","CNRM-CM5",5
"689",4,NA,"Whiteoaks","CNRM-CM5",5
"690",5,5848.66873697912,"Whiteoaks","CNRM-CM5",5
"691",1,1068.71218274112,"XeriredOaks","CNRM-CM5",5
"692",2,1416.93938096403,"XeriredOaks","CNRM-CM5",5
"693",3,1571.85027927938,"XeriredOaks","CNRM-CM5",5
"694",4,NA,"XeriredOaks","CNRM-CM5",5
"695",5,1588.94340972252,"XeriredOaks","CNRM-CM5",5
"696",1,38.6852791878173,"XeriHwd","CNRM-CM5",5
"697",2,39.1386408123318,"XeriHwd","CNRM-CM5",5
"698",3,41.9538767574372,"XeriHwd","CNRM-CM5",5
"699",4,NA,"XeriHwd","CNRM-CM5",5
"700",5,42.9229515437443,"XeriHwd","CNRM-CM5",5
"701",1,482.435025380711,"WhitePine","CNRM-CM5",5
"702",2,570.604263518473,"WhitePine","CNRM-CM5",5
"703",3,627.909001000236,"WhitePine","CNRM-CM5",5
"704",4,NA,"WhitePine","CNRM-CM5",5
"705",5,701.919668228847,"WhitePine","CNRM-CM5",5
"706",1,913.909644670051,"Maples","CNRM-CM5",5
"707",2,1209.94727183753,"Maples","CNRM-CM5",5
"708",3,1338.52887760033,"Maples","CNRM-CM5",5
"709",4,NA,"Maples","CNRM-CM5",5
"710",5,1477.42820289323,"Maples","CNRM-CM5",5
"711",1,3313.67614213198,"MesicHard","CNRM-CM5",5
"712",2,3708.14637876193,"MesicHard","CNRM-CM5",5
"713",3,4011.78227446926,"MesicHard","CNRM-CM5",5
"714",4,NA,"MesicHard","CNRM-CM5",5
"715",5,4242.99338646571,"MesicHard","CNRM-CM5",5
"716",1,0.567005076142132,"Hemlock","CNRM-CM5",5
"717",2,0.465806214827502,"Hemlock","CNRM-CM5",5
"718",3,1.11739848728352,"Hemlock","CNRM-CM5",5
"719",4,NA,"Hemlock","CNRM-CM5",5
"720",5,1.69529665140967,"Hemlock","CNRM-CM5",5
"721",1,46.5331401666063,"Yellowpines","IPSL-CM5A-MR",5
"722",2,58.7543971498219,"Yellowpines","IPSL-CM5A-MR",5
"723",3,82.4410548374535,"Yellowpines","IPSL-CM5A-MR",5
"724",4,NA,"Yellowpines","IPSL-CM5A-MR",5
"725",5,95.6695130318724,"Yellowpines","IPSL-CM5A-MR",5
"726",1,3413.44603404564,"Whiteoaks","IPSL-CM5A-MR",5
"727",2,4273.21110069379,"Whiteoaks","IPSL-CM5A-MR",5
"728",3,4877.61955009922,"Whiteoaks","IPSL-CM5A-MR",5
"729",4,NA,"Whiteoaks","IPSL-CM5A-MR",5
"730",5,5301.26882877633,"Whiteoaks","IPSL-CM5A-MR",5
"731",1,668.320898225281,"XeriredOaks","IPSL-CM5A-MR",5
"732",2,963.087474217138,"XeriredOaks","IPSL-CM5A-MR",5
"733",3,1165.9512545667,"XeriredOaks","IPSL-CM5A-MR",5
"734",4,NA,"XeriredOaks","IPSL-CM5A-MR",5
"735",5,1272.6572706851,"XeriredOaks","IPSL-CM5A-MR",5
"736",1,31.0374864179645,"XeriHwd","IPSL-CM5A-MR",5
"737",2,38.4936246015376,"XeriHwd","IPSL-CM5A-MR",5
"738",3,43.5518795319252,"XeriHwd","IPSL-CM5A-MR",5
"739",4,NA,"XeriHwd","IPSL-CM5A-MR",5
"740",5,46.294666942374,"XeriHwd","IPSL-CM5A-MR",5
"741",1,506.908547627671,"WhitePine","IPSL-CM5A-MR",5
"742",2,532.457453590849,"WhitePine","IPSL-CM5A-MR",5
"743",3,592.175027353819,"WhitePine","IPSL-CM5A-MR",5
"744",4,NA,"WhitePine","IPSL-CM5A-MR",5
"745",5,729.880537253391,"WhitePine","IPSL-CM5A-MR",5
"746",1,620.685621151757,"Maples","IPSL-CM5A-MR",5
"747",2,1060.88156759797,"Maples","IPSL-CM5A-MR",5
"748",3,1336.70252026037,"Maples","IPSL-CM5A-MR",5
"749",4,NA,"Maples","IPSL-CM5A-MR",5
"750",5,1628.52417452276,"Maples","IPSL-CM5A-MR",5
"751",1,2338.252806954,"MesicHard","IPSL-CM5A-MR",5
"752",2,3098.86384774048,"MesicHard","IPSL-CM5A-MR",5
"753",3,3616.76745544573,"MesicHard","IPSL-CM5A-MR",5
"754",4,NA,"MesicHard","IPSL-CM5A-MR",5
"755",5,3961.73605406371,"MesicHard","IPSL-CM5A-MR",5
"756",1,0,"Hemlock","IPSL-CM5A-MR",5
"757",2,0.442415150946934,"Hemlock","IPSL-CM5A-MR",5
"758",3,0.749364835042561,"Hemlock","IPSL-CM5A-MR",5
"759",4,NA,"Hemlock","IPSL-CM5A-MR",5
"760",5,1.3589145902456,"Hemlock","IPSL-CM5A-MR",5
"761",1,43.5220883534137,"Yellowpines","MRI-CGCM3",5
"762",2,55.0182022769394,"Yellowpines","MRI-CGCM3",5
"763",3,58.3459366754617,"Yellowpines","MRI-CGCM3",5
"764",4,NA,"Yellowpines","MRI-CGCM3",5
"765",5,66.3824026192484,"Yellowpines","MRI-CGCM3",5
"766",1,3539.89959839357,"Whiteoaks","MRI-CGCM3",5
"767",2,4677.53647074398,"Whiteoaks","MRI-CGCM3",5
"768",3,5338.44191292876,"Whiteoaks","MRI-CGCM3",5
"769",4,NA,"Whiteoaks","MRI-CGCM3",5
"770",5,5954.29775914153,"Whiteoaks","MRI-CGCM3",5
"771",1,1096.87148594378,"XeriredOaks","MRI-CGCM3",5
"772",2,1402.57618480275,"XeriredOaks","MRI-CGCM3",5
"773",3,1587.70765171504,"XeriredOaks","MRI-CGCM3",5
"774",4,NA,"XeriredOaks","MRI-CGCM3",5
"775",5,1675.69975756693,"XeriredOaks","MRI-CGCM3",5
"776",1,24.4497991967871,"XeriHwd","MRI-CGCM3",5
"777",2,30.1620333598094,"XeriHwd","MRI-CGCM3",5
"778",3,28.0287994722955,"XeriHwd","MRI-CGCM3",5
"779",4,NA,"XeriHwd","MRI-CGCM3",5
"780",5,22.7089485202565,"XeriHwd","MRI-CGCM3",5
"781",1,451.787148594378,"WhitePine","MRI-CGCM3",5
"782",2,536.818970082076,"WhitePine","MRI-CGCM3",5
"783",3,562.3322823219,"WhitePine","MRI-CGCM3",5
"784",4,NA,"WhitePine","MRI-CGCM3",5
"785",5,667.099584846372,"WhitePine","MRI-CGCM3",5
"786",1,793.951807228916,"Maples","MRI-CGCM3",5
"787",2,962.409518136087,"Maples","MRI-CGCM3",5
"788",3,1165.54362796834,"Maples","MRI-CGCM3",5
"789",4,NA,"Maples","MRI-CGCM3",5
"790",5,1410.9051181471,"Maples","MRI-CGCM3",5
"791",1,2594.18875502008,"MesicHard","MRI-CGCM3",5
"792",2,3252.01714323537,"MesicHard","MRI-CGCM3",5
"793",3,3812.09357519789,"MesicHard","MRI-CGCM3",5
"794",4,NA,"MesicHard","MRI-CGCM3",5
"795",5,4130.38957849941,"MesicHard","MRI-CGCM3",5
"796",1,0,"Hemlock","MRI-CGCM3",5
"797",2,0.621789780248875,"Hemlock","MRI-CGCM3",5
"798",3,1.31934036939314,"Hemlock","MRI-CGCM3",5
"799",4,NA,"Hemlock","MRI-CGCM3",5
"800",5,2.56534074158854,"Hemlock","MRI-CGCM3",5
"801",1,37.5743631335425,"Yellowpines","HadGEM",6
"802",2,71.6449713120584,"Yellowpines","HadGEM",6
"803",3,92.6305626429966,"Yellowpines","HadGEM",6
"804",4,NA,"Yellowpines","HadGEM",6
"805",5,88.4718239037332,"Yellowpines","HadGEM",6
"806",1,2682.54249321917,"Whiteoaks","HadGEM",6
"807",2,3589.27271089193,"Whiteoaks","HadGEM",6
"808",3,4021.95414525461,"Whiteoaks","HadGEM",6
"809",4,NA,"Whiteoaks","HadGEM",6
"810",5,4245.55265028696,"Whiteoaks","HadGEM",6
"811",1,525.637903526033,"XeriredOaks","HadGEM",6
"812",2,828.40099577979,"XeriredOaks","HadGEM",6
"813",3,951.005150872654,"XeriredOaks","HadGEM",6
"814",4,NA,"XeriredOaks","HadGEM",6
"815",5,1059.93069547275,"XeriredOaks","HadGEM",6
"816",1,28.2854198798064,"XeriHwd","HadGEM",6
"817",2,31.5968135046707,"XeriHwd","HadGEM",6
"818",3,34.712485475737,"XeriHwd","HadGEM",6
"819",4,NA,"XeriHwd","HadGEM",6
"820",5,37.9521613233229,"XeriHwd","HadGEM",6
"821",1,362.759732489496,"WhitePine","HadGEM",6
"822",2,451.765716724359,"WhitePine","HadGEM",6
"823",3,547.736634683341,"WhitePine","HadGEM",6
"824",4,NA,"WhitePine","HadGEM",6
"825",5,738.031314479913,"WhitePine","HadGEM",6
"826",1,559.934092963889,"Maples","HadGEM",6
"827",2,1156.56744274266,"Maples","HadGEM",6
"828",3,1606.19611648159,"Maples","HadGEM",6
"829",4,NA,"Maples","HadGEM",6
"830",5,1957.16106323583,"Maples","HadGEM",6
"831",1,1747.15712918151,"MesicHard","HadGEM",6
"832",2,2654.83764995969,"MesicHard","HadGEM",6
"833",3,3144.23661671518,"MesicHard","HadGEM",6
"834",4,NA,"MesicHard","HadGEM",6
"835",5,3450.15168276317,"MesicHard","HadGEM",6
"836",1,0.151172685209807,"Hemlock","HadGEM",6
"837",2,0.318554696761345,"Hemlock","HadGEM",6
"838",3,0.592542015548448,"Hemlock","HadGEM",6
"839",4,NA,"Hemlock","HadGEM",6
"840",5,0.586981776567891,"Hemlock","HadGEM",6
"841",1,54.0587396635301,"Yellowpines","CNRM-CM5",6
"842",2,73.8064060292039,"Yellowpines","CNRM-CM5",6
"843",3,86.3286986655961,"Yellowpines","CNRM-CM5",6
"844",4,NA,"Yellowpines","CNRM-CM5",6
"845",5,85.7124659003333,"Yellowpines","CNRM-CM5",6
"846",1,4279.70059880239,"Whiteoaks","CNRM-CM5",6
"847",2,5564.21880801308,"Whiteoaks","CNRM-CM5",6
"848",3,5837.78243827193,"Whiteoaks","CNRM-CM5",6
"849",4,NA,"Whiteoaks","CNRM-CM5",6
"850",5,5818.75324278147,"Whiteoaks","CNRM-CM5",6
"851",1,1079.6755061306,"XeriredOaks","CNRM-CM5",6
"852",2,1546.07040536422,"XeriredOaks","CNRM-CM5",6
"853",3,1624.16858075627,"XeriredOaks","CNRM-CM5",6
"854",4,NA,"XeriredOaks","CNRM-CM5",6
"855",5,1532.66849211171,"XeriredOaks","CNRM-CM5",6
"856",1,42.3721129170231,"XeriHwd","CNRM-CM5",6
"857",2,41.0444709207282,"XeriHwd","CNRM-CM5",6
"858",3,42.1053576899914,"XeriHwd","CNRM-CM5",6
"859",4,NA,"XeriHwd","CNRM-CM5",6
"860",5,43.2587986315279,"XeriHwd","CNRM-CM5",6
"861",1,577.379811804961,"WhitePine","CNRM-CM5",6
"862",2,615.380538084287,"WhitePine","CNRM-CM5",6
"863",3,621.741000961447,"WhitePine","CNRM-CM5",6
"864",4,NA,"WhitePine","CNRM-CM5",6
"865",5,691.331899346347,"WhitePine","CNRM-CM5",6
"866",1,778.579412603365,"Maples","CNRM-CM5",6
"867",2,1114.92529993627,"Maples","CNRM-CM5",6
"868",3,1306.40168411711,"Maples","CNRM-CM5",6
"869",4,NA,"Maples","CNRM-CM5",6
"870",5,1520.30420368868,"Maples","CNRM-CM5",6
"871",1,2765.48046763616,"MesicHard","CNRM-CM5",6
"872",2,3549.09365215705,"MesicHard","CNRM-CM5",6
"873",3,4007.21178248053,"MesicHard","CNRM-CM5",6
"874",4,NA,"MesicHard","CNRM-CM5",6
"875",5,4319.06432145231,"MesicHard","CNRM-CM5",6
"876",1,0,"Hemlock","CNRM-CM5",6
"877",2,0.346069657255271,"Hemlock","CNRM-CM5",6
"878",3,0.701877463047681,"Hemlock","CNRM-CM5",6
"879",4,NA,"Hemlock","CNRM-CM5",6
"880",5,1.4366877754988,"Hemlock","CNRM-CM5",6
"881",1,36.3885939036382,"Yellowpines","IPSL-CM5A-MR",6
"882",2,54.6061250101206,"Yellowpines","IPSL-CM5A-MR",6
"883",3,68.5377947761911,"Yellowpines","IPSL-CM5A-MR",6
"884",4,NA,"Yellowpines","IPSL-CM5A-MR",6
"885",5,99.6002407969838,"Yellowpines","IPSL-CM5A-MR",6
"886",1,3052.42418879056,"Whiteoaks","IPSL-CM5A-MR",6
"887",2,4368.00216581653,"Whiteoaks","IPSL-CM5A-MR",6
"888",3,4921.96516499779,"Whiteoaks","IPSL-CM5A-MR",6
"889",4,NA,"Whiteoaks","IPSL-CM5A-MR",6
"890",5,5249.15365744366,"Whiteoaks","IPSL-CM5A-MR",6
"891",1,556.698131760079,"XeriredOaks","IPSL-CM5A-MR",6
"892",2,1013.95133997247,"XeriredOaks","IPSL-CM5A-MR",6
"893",3,1188.2147181488,"XeriredOaks","IPSL-CM5A-MR",6
"894",4,NA,"XeriredOaks","IPSL-CM5A-MR",6
"895",5,1248.04832234207,"XeriredOaks","IPSL-CM5A-MR",6
"896",1,25.5720747295969,"XeriHwd","IPSL-CM5A-MR",6
"897",2,34.7072504250668,"XeriHwd","IPSL-CM5A-MR",6
"898",3,41.4985777709442,"XeriHwd","IPSL-CM5A-MR",6
"899",4,NA,"XeriHwd","IPSL-CM5A-MR",6
"900",5,46.1521773569363,"XeriHwd","IPSL-CM5A-MR",6
"901",1,399.408652900688,"WhitePine","IPSL-CM5A-MR",6
"902",2,526.386304752652,"WhitePine","IPSL-CM5A-MR",6
"903",3,615.884347792662,"WhitePine","IPSL-CM5A-MR",6
"904",4,NA,"WhitePine","IPSL-CM5A-MR",6
"905",5,722.74219786089,"WhitePine","IPSL-CM5A-MR",6
"906",1,546.278859390364,"Maples","IPSL-CM5A-MR",6
"907",2,964.263258035787,"Maples","IPSL-CM5A-MR",6
"908",3,1281.24182698776,"Maples","IPSL-CM5A-MR",6
"909",4,NA,"Maples","IPSL-CM5A-MR",6
"910",5,1631.05077104824,"Maples","IPSL-CM5A-MR",6
"911",1,1957.43461160275,"MesicHard","IPSL-CM5A-MR",6
"912",2,2846.47036677192,"MesicHard","IPSL-CM5A-MR",6
"913",3,3521.44107359074,"MesicHard","IPSL-CM5A-MR",6
"914",4,NA,"MesicHard","IPSL-CM5A-MR",6
"915",5,4000.30407408581,"MesicHard","IPSL-CM5A-MR",6
"916",1,0,"Hemlock","IPSL-CM5A-MR",6
"917",2,0.230507651202332,"Hemlock","IPSL-CM5A-MR",6
"918",3,0.63846553016471,"Hemlock","IPSL-CM5A-MR",6
"919",4,NA,"Hemlock","IPSL-CM5A-MR",6
"920",5,1.21372542807095,"Hemlock","IPSL-CM5A-MR",6
"921",1,72.5681818181818,"Yellowpines","MRI-CGCM3",6
"922",2,55.5316151000998,"Yellowpines","MRI-CGCM3",6
"923",3,52.9931312174325,"Yellowpines","MRI-CGCM3",6
"924",4,NA,"Yellowpines","MRI-CGCM3",6
"925",5,69.8787651102406,"Yellowpines","MRI-CGCM3",6
"926",1,3516.95454545455,"Whiteoaks","MRI-CGCM3",6
"927",2,4305.75212822169,"Whiteoaks","MRI-CGCM3",6
"928",3,5188.74955260803,"Whiteoaks","MRI-CGCM3",6
"929",4,NA,"Whiteoaks","MRI-CGCM3",6
"930",5,5947.99123876888,"Whiteoaks","MRI-CGCM3",6
"931",1,1039.72077922078,"XeriredOaks","MRI-CGCM3",6
"932",2,1320.27029883168,"XeriredOaks","MRI-CGCM3",6
"933",3,1534.30038423075,"XeriredOaks","MRI-CGCM3",6
"934",4,NA,"XeriredOaks","MRI-CGCM3",6
"935",5,1669.2602089136,"XeriredOaks","MRI-CGCM3",6
"936",1,42.2207792207792,"XeriHwd","MRI-CGCM3",6
"937",2,38.3983443903012,"XeriHwd","MRI-CGCM3",6
"938",3,28.5924785515027,"XeriHwd","MRI-CGCM3",6
"939",4,NA,"XeriHwd","MRI-CGCM3",6
"940",5,22.6313118781605,"XeriHwd","MRI-CGCM3",6
"941",1,332.642857142857,"WhitePine","MRI-CGCM3",6
"942",2,455.216696999941,"WhitePine","MRI-CGCM3",6
"943",3,550.956642454866,"WhitePine","MRI-CGCM3",6
"944",4,NA,"WhitePine","MRI-CGCM3",6
"945",5,668.50062031054,"WhitePine","MRI-CGCM3",6
"946",1,570.49025974026,"Maples","MRI-CGCM3",6
"947",2,854.38360828979,"Maples","MRI-CGCM3",6
"948",3,1112.42633822833,"Maples","MRI-CGCM3",6
"949",4,NA,"Maples","MRI-CGCM3",6
"950",5,1416.72363854942,"Maples","MRI-CGCM3",6
"951",1,2347.69805194805,"MesicHard","MRI-CGCM3",6
"952",2,3129.68373157987,"MesicHard","MRI-CGCM3",6
"953",3,3726.33845202379,"MesicHard","MRI-CGCM3",6
"954",4,NA,"MesicHard","MRI-CGCM3",6
"955",5,4110.89330658717,"MesicHard","MRI-CGCM3",6
"956",1,0,"Hemlock","MRI-CGCM3",6
"957",2,0.937591733693419,"Hemlock","MRI-CGCM3",6
"958",3,1.40158692562766,"Hemlock","MRI-CGCM3",6
"959",4,NA,"Hemlock","MRI-CGCM3",6
"960",5,2.28598587439323,"Hemlock","MRI-CGCM3",6
"961",1,39.2916740010562,"Yellowpines","HadGEM",7
"962",2,73.4255146778498,"Yellowpines","HadGEM",7
"963",3,91.0816230354155,"Yellowpines","HadGEM",7
"964",4,NA,"Yellowpines","HadGEM",7
"965",5,84.7170495454663,"Yellowpines","HadGEM",7
"966",1,2694.00113739455,"Whiteoaks","HadGEM",7
"967",2,3492.13018490278,"Whiteoaks","HadGEM",7
"968",3,3914.7394495629,"Whiteoaks","HadGEM",7
"969",4,NA,"Whiteoaks","HadGEM",7
"970",5,4192.74279350444,"Whiteoaks","HadGEM",7
"971",1,552.740646960855,"XeriredOaks","HadGEM",7
"972",2,800.709654975219,"XeriredOaks","HadGEM",7
"973",3,887.609898913735,"XeriredOaks","HadGEM",7
"974",4,NA,"XeriredOaks","HadGEM",7
"975",5,1005.47059128228,"XeriredOaks","HadGEM",7
"976",1,28.8082271539409,"XeriHwd","HadGEM",7
"977",2,33.3769348074724,"XeriHwd","HadGEM",7
"978",3,34.6175569641132,"XeriHwd","HadGEM",7
"979",4,NA,"XeriHwd","HadGEM",7
"980",5,37.1946163873853,"XeriHwd","HadGEM",7
"981",1,367.509430896511,"WhitePine","HadGEM",7
"982",2,431.191431566908,"WhitePine","HadGEM",7
"983",3,532.445368646764,"WhitePine","HadGEM",7
"984",4,NA,"WhitePine","HadGEM",7
"985",5,727.396363730543,"WhitePine","HadGEM",7
"986",1,569.793711832965,"Maples","HadGEM",7
"987",2,1101.1238372093,"Maples","HadGEM",7
"988",3,1608.43938358585,"Maples","HadGEM",7
"989",4,NA,"Maples","HadGEM",7
"990",5,1997.56951818566,"Maples","HadGEM",7
"991",1,1798.08193302913,"MesicHard","HadGEM",7
"992",2,2620.72955585208,"MesicHard","HadGEM",7
"993",3,3183.74231249558,"MesicHard","HadGEM",7
"994",4,NA,"MesicHard","HadGEM",7
"995",5,3488.52602453532,"MesicHard","HadGEM",7
"996",1,0.062976453224649,"Hemlock","HadGEM",7
"997",2,0.369433854365231,"Hemlock","HadGEM",7
"998",3,0.669184005278164,"Hemlock","HadGEM",7
"999",4,NA,"Hemlock","HadGEM",7
"1000",5,0.775150432087574,"Hemlock","HadGEM",7
"1001",1,42.165393258427,"Yellowpines","CNRM-CM5",7
"1002",2,51.0806300686213,"Yellowpines","CNRM-CM5",7
"1003",3,66.0734360741128,"Yellowpines","CNRM-CM5",7
"1004",4,NA,"Yellowpines","CNRM-CM5",7
"1005",5,93.9066567188923,"Yellowpines","CNRM-CM5",7
"1006",1,4439.84719101124,"Whiteoaks","CNRM-CM5",7
"1007",2,5345.14995321273,"Whiteoaks","CNRM-CM5",7
"1008",3,5764.1853743066,"Whiteoaks","CNRM-CM5",7
"1009",4,NA,"Whiteoaks","CNRM-CM5",7
"1010",5,5843.94004808091,"Whiteoaks","CNRM-CM5",7
"1011",1,1101.17348314607,"XeriredOaks","CNRM-CM5",7
"1012",2,1440.97356519027,"XeriredOaks","CNRM-CM5",7
"1013",3,1575.86880556154,"XeriredOaks","CNRM-CM5",7
"1014",4,NA,"XeriredOaks","CNRM-CM5",7
"1015",5,1532.72998839426,"XeriredOaks","CNRM-CM5",7
"1016",1,46.9060674157303,"XeriHwd","CNRM-CM5",7
"1017",2,45.8276668746101,"XeriHwd","CNRM-CM5",7
"1018",3,43.3379166794836,"XeriHwd","CNRM-CM5",7
"1019",4,NA,"XeriHwd","CNRM-CM5",7
"1020",5,43.1565240819033,"XeriHwd","CNRM-CM5",7
"1021",1,538.92808988764,"WhitePine","CNRM-CM5",7
"1022",2,576.315294239967,"WhitePine","CNRM-CM5",7
"1023",3,613.243245460231,"WhitePine","CNRM-CM5",7
"1024",4,NA,"WhitePine","CNRM-CM5",7
"1025",5,697.886645113156,"WhitePine","CNRM-CM5",7
"1026",1,862.567191011236,"Maples","CNRM-CM5",7
"1027",2,1128.25688812643,"Maples","CNRM-CM5",7
"1028",3,1323.40282178269,"Maples","CNRM-CM5",7
"1029",4,NA,"Maples","CNRM-CM5",7
"1030",5,1506.22310370555,"Maples","CNRM-CM5",7
"1031",1,2760.42786516854,"MesicHard","CNRM-CM5",7
"1032",2,3468.78831357871,"MesicHard","CNRM-CM5",7
"1033",3,3966.82940108893,"MesicHard","CNRM-CM5",7
"1034",4,NA,"MesicHard","CNRM-CM5",7
"1035",5,4296.85162480312,"MesicHard","CNRM-CM5",7
"1036",1,0,"Hemlock","CNRM-CM5",7
"1037",2,0.63069245165315,"Hemlock","CNRM-CM5",7
"1038",3,1.29294451792837,"Hemlock","CNRM-CM5",7
"1039",4,NA,"Hemlock","CNRM-CM5",7
"1040",5,2.05891569261378,"Hemlock","CNRM-CM5",7
"1041",1,31.2779255319149,"Yellowpines","IPSL-CM5A-MR",7
"1042",2,52.9193243243243,"Yellowpines","IPSL-CM5A-MR",7
"1043",3,74.3751948485748,"Yellowpines","IPSL-CM5A-MR",7
"1044",4,NA,"Yellowpines","IPSL-CM5A-MR",7
"1045",5,101.297483274632,"Yellowpines","IPSL-CM5A-MR",7
"1046",1,3499.05110182371,"Whiteoaks","IPSL-CM5A-MR",7
"1047",2,4241.58947876448,"Whiteoaks","IPSL-CM5A-MR",7
"1048",3,4863.13733113124,"Whiteoaks","IPSL-CM5A-MR",7
"1049",4,NA,"Whiteoaks","IPSL-CM5A-MR",7
"1050",5,5303.57165818751,"Whiteoaks","IPSL-CM5A-MR",7
"1051",1,725.881838905775,"XeriredOaks","IPSL-CM5A-MR",7
"1052",2,969.610965250965,"XeriredOaks","IPSL-CM5A-MR",7
"1053",3,1155.41593675772,"XeriredOaks","IPSL-CM5A-MR",7
"1054",4,NA,"XeriredOaks","IPSL-CM5A-MR",7
"1055",5,1276.27743146792,"XeriredOaks","IPSL-CM5A-MR",7
"1056",1,26.2712765957447,"XeriHwd","IPSL-CM5A-MR",7
"1057",2,36.8570849420849,"XeriHwd","IPSL-CM5A-MR",7
"1058",3,42.4567714519002,"XeriHwd","IPSL-CM5A-MR",7
"1059",4,NA,"XeriHwd","IPSL-CM5A-MR",7
"1060",5,46.4555543131884,"XeriHwd","IPSL-CM5A-MR",7
"1061",1,478.208396656535,"WhitePine","IPSL-CM5A-MR",7
"1062",2,516.029864864865,"WhitePine","IPSL-CM5A-MR",7
"1063",3,583.649745769002,"WhitePine","IPSL-CM5A-MR",7
"1064",4,NA,"WhitePine","IPSL-CM5A-MR",7
"1065",5,739.684766403906,"WhitePine","IPSL-CM5A-MR",7
"1066",1,634.387727963526,"Maples","IPSL-CM5A-MR",7
"1067",2,1008.18530888031,"Maples","IPSL-CM5A-MR",7
"1068",3,1310.54120583432,"Maples","IPSL-CM5A-MR",7
"1069",4,NA,"Maples","IPSL-CM5A-MR",7
"1070",5,1616.62817502469,"Maples","IPSL-CM5A-MR",7
"1071",1,2323.84954407295,"MesicHard","IPSL-CM5A-MR",7
"1072",2,3074.76590733591,"MesicHard","IPSL-CM5A-MR",7
"1073",3,3575.47054075119,"MesicHard","IPSL-CM5A-MR",7
"1074",4,NA,"MesicHard","IPSL-CM5A-MR",7
"1075",5,3909.00581427853,"MesicHard","IPSL-CM5A-MR",7
"1076",1,0.398176291793313,"Hemlock","IPSL-CM5A-MR",7
"1077",2,0.643281853281853,"Hemlock","IPSL-CM5A-MR",7
"1078",3,0.773808640142518,"Hemlock","IPSL-CM5A-MR",7
"1079",4,NA,"Hemlock","IPSL-CM5A-MR",7
"1080",5,1.32345185516483,"Hemlock","IPSL-CM5A-MR",7
"1081",1,27.5187637969095,"Yellowpines","MRI-CGCM3",7
"1082",2,48.5127471383975,"Yellowpines","MRI-CGCM3",7
"1083",3,57.1849783680451,"Yellowpines","MRI-CGCM3",7
"1084",4,NA,"Yellowpines","MRI-CGCM3",7
"1085",5,69.2139358328072,"Yellowpines","MRI-CGCM3",7
"1086",1,3294.07284768212,"Whiteoaks","MRI-CGCM3",7
"1087",2,4333.29167533819,"Whiteoaks","MRI-CGCM3",7
"1088",3,5136.83432689405,"Whiteoaks","MRI-CGCM3",7
"1089",4,NA,"Whiteoaks","MRI-CGCM3",7
"1090",5,5925.95837659071,"Whiteoaks","MRI-CGCM3",7
"1091",1,831.0706401766,"XeriredOaks","MRI-CGCM3",7
"1092",2,1261.6553069719,"XeriredOaks","MRI-CGCM3",7
"1093",3,1529.36076315525,"XeriredOaks","MRI-CGCM3",7
"1094",4,NA,"XeriredOaks","MRI-CGCM3",7
"1095",5,1665.91337821398,"XeriredOaks","MRI-CGCM3",7
"1096",1,39.7306843267108,"XeriHwd","MRI-CGCM3",7
"1097",2,34.901144640999,"XeriHwd","MRI-CGCM3",7
"1098",3,28.960395915082,"XeriHwd","MRI-CGCM3",7
"1099",4,NA,"XeriHwd","MRI-CGCM3",7
"1100",5,22.5430451054053,"XeriHwd","MRI-CGCM3",7
"1101",1,346.401766004415,"WhitePine","MRI-CGCM3",7
"1102",2,455.328772112383,"WhitePine","MRI-CGCM3",7
"1103",3,549.974154844552,"WhitePine","MRI-CGCM3",7
"1104",4,NA,"WhitePine","MRI-CGCM3",7
"1105",5,662.965604586531,"WhitePine","MRI-CGCM3",7
"1106",1,543.618101545254,"Maples","MRI-CGCM3",7
"1107",2,862.784651404787,"Maples","MRI-CGCM3",7
"1108",3,1124.45722658215,"Maples","MRI-CGCM3",7
"1109",4,NA,"Maples","MRI-CGCM3",7
"1110",5,1426.39388652831,"Maples","MRI-CGCM3",7
"1111",1,2040.05960264901,"MesicHard","MRI-CGCM3",7
"1112",2,3072.81607700312,"MesicHard","MRI-CGCM3",7
"1113",3,3742.18964433042,"MesicHard","MRI-CGCM3",7
"1114",4,NA,"MesicHard","MRI-CGCM3",7
"1115",5,4123.50920624048,"MesicHard","MRI-CGCM3",7
"1116",1,0,"Hemlock","MRI-CGCM3",7
"1117",2,0.361290322580645,"Hemlock","MRI-CGCM3",7
"1118",3,1.31326089143777,"Hemlock","MRI-CGCM3",7
"1119",4,NA,"Hemlock","MRI-CGCM3",7
"1120",5,2.0634358310233,"Hemlock","MRI-CGCM3",7
